CustomerID,Recency,Frequency,Monetary,Country,R_Score,F_Score,M_Score,RFM_Total,Segment
CUST-00001,76,13,3659.48,Germany,4,5,5,14,Champions
CUST-00002,29,1,34.68,UK,5,1,1,7,New Customers
CUST-00003,376,2,106.58,France,1,1,1,3,Lost
CUST-00004,34,1,104.31,UK,5,1,1,7,New Customers
CUST-00005,154,4,804.3,France,3,3,3,9,Potential Loyalists
CUST-00006,240,2,102.5,UK,2,1,1,4,Lost
CUST-00007,512,1,69.79,UK,1,1,1,3,Lost
CUST-00008,64,13,3220.27,UK,4,5,5,14,Champions
CUST-00009,220,1,73.27,Belgium,2,1,1,4,Lost
CUST-00010,144,2,340.92,UK,3,1,2,6,Needs Attention
CUST-00011,427,3,275.71,France,1,2,2,5,Lost
CUST-00012,588,1,41.98,Germany,1,1,1,3,Lost
CUST-00013,58,11,2683.34,UK,4,4,5,13,Champions
CUST-00014,145,3,421.9,UK,3,2,2,7,Needs Attention
CUST-00015,14,46,17717.86,Netherlands,5,5,5,15,Champions
CUST-00016,408,3,153.07,UK,1,2,2,5,Lost
CUST-00017,41,9,1221.95,Belgium,5,4,4,13,Champions
CUST-00018,117,5,444.87,UK,3,3,2,8,Potential Loyalists
CUST-00019,57,14,3358.26,UK,4,5,5,14,Champions
CUST-00020,57,2,203.27,France,4,1,2,7,New Customers
CUST-00021,316,4,895.96,UK,1,3,3,7,At Risk
CUST-00022,207,3,514.94,UK,2,2,3,7,Lost
CUST-00023,60,14,2208.94,UK,4,5,4,13,Champions
CUST-00024,559,1,110.61,France,1,1,1,3,Lost
CUST-00025,54,1,167.86,France,4,1,2,7,New Customers
CUST-00026,273,2,70.12,UK,2,1,1,4,Lost
CUST-00027,563,1,66.23,Germany,1,1,1,3,Lost
CUST-00028,109,7,1092.79,UK,3,3,3,9,Potential Loyalists
CUST-00029,12,16,9099.53,UK,5,5,5,15,Champions
CUST-00030,9,37,26188.6,UK,5,5,5,15,Champions
CUST-00031,67,1,102.89,UK,4,1,1,6,New Customers
CUST-00032,179,1,197.47,UK,2,1,2,5,Lost
CUST-00033,35,2,148.02,UK,5,1,2,8,New Customers
CUST-00034,180,1,95.32,UK,2,1,1,4,Lost
CUST-00035,19,46,28953.7,UK,5,5,5,15,Champions
CUST-00036,399,2,147.56,UK,1,1,2,4,Lost
CUST-00037,18,41,15926.36,Spain,5,5,5,15,Champions
CUST-00038,645,1,50.03,UK,1,1,1,3,Lost
CUST-00039,156,6,589.49,UK,3,3,3,9,Potential Loyalists
CUST-00040,30,25,10075.05,Netherlands,5,5,5,15,Champions
CUST-00041,233,3,581.39,UK,2,2,3,7,Lost
CUST-00042,193,2,293.22,UK,2,1,2,5,Lost
CUST-00043,249,2,209.46,UK,2,1,2,5,Lost
CUST-00044,354,3,199.04,Germany,1,2,2,5,Lost
CUST-00045,434,3,171.4,France,1,2,2,5,Lost
CUST-00046,23,16,12054.55,France,5,5,5,15,Champions
CUST-00047,243,3,110.3,UK,2,2,1,5,Lost
CUST-00048,332,1,25.97,Netherlands,1,1,1,3,Lost
CUST-00049,312,1,180.87,UK,1,1,2,4,Lost
CUST-00050,106,2,233.31,UK,3,1,2,6,Needs Attention
CUST-00051,7,38,26423.2,UK,5,5,5,15,Champions
CUST-00052,170,2,505.93,UK,2,1,3,6,Lost
CUST-00053,456,3,146.61,UK,1,2,1,4,Lost
CUST-00054,280,4,1036.01,Spain,1,3,3,7,At Risk
CUST-00055,134,7,1069.46,Netherlands,3,3,3,9,Potential Loyalists
CUST-00056,12,40,10962.73,France,5,5,5,15,Champions
CUST-00057,16,46,21642.59,UK,5,5,5,15,Champions
CUST-00058,44,1,239.01,Germany,4,1,2,7,New Customers
CUST-00059,155,5,321.47,Spain,3,3,2,8,Potential Loyalists
CUST-00060,259,3,473.4,UK,2,2,2,6,Lost
CUST-00061,370,3,447.6,UK,1,2,2,5,Lost
CUST-00062,384,2,201.82,Germany,1,1,2,4,Lost
CUST-00063,627,1,41.21,Belgium,1,1,1,3,Lost
CUST-00064,175,7,1715.5,Germany,2,3,4,9,At Risk
CUST-00065,10,22,16308.43,Germany,5,5,5,15,Champions
CUST-00066,1,44,24674.06,UK,5,5,5,15,Champions
CUST-00067,101,3,521.42,UK,3,2,3,8,Potential Loyalists
CUST-00068,54,25,17050.17,UK,4,5,5,14,Champions
CUST-00069,15,44,18827.0,UK,5,5,5,15,Champions
CUST-00070,237,3,452.41,Germany,2,2,2,6,Lost
CUST-00071,312,1,87.01,Netherlands,1,1,1,3,Lost
CUST-00072,11,47,23077.27,UK,5,5,5,15,Champions
CUST-00073,232,1,73.16,UK,2,1,1,4,Lost
CUST-00074,82,1,140.79,UK,4,1,1,6,New Customers
CUST-00075,193,6,1307.4,Spain,2,3,4,9,At Risk
CUST-00076,135,4,763.07,Germany,3,3,3,9,Potential Loyalists
CUST-00077,10,48,27224.55,France,5,5,5,15,Champions
CUST-00078,104,7,963.74,Spain,3,3,3,9,Potential Loyalists
CUST-00079,28,36,15291.76,UK,5,5,5,15,Champions
CUST-00080,361,2,107.25,UK,1,1,1,3,Lost
CUST-00081,46,12,1604.49,UK,4,4,4,12,Champions
CUST-00082,14,10,1268.76,UK,5,4,4,13,Champions
CUST-00083,583,1,65.86,Germany,1,1,1,3,Lost
CUST-00084,522,1,111.98,France,1,1,1,3,Lost
CUST-00085,408,2,91.74,UK,1,1,1,3,Lost
CUST-00086,66,2,218.03,UK,4,1,2,7,New Customers
CUST-00087,19,44,34183.32,Germany,5,5,5,15,Champions
CUST-00088,433,3,140.03,UK,1,2,1,4,Lost
CUST-00089,21,48,25519.71,France,5,5,5,15,Champions
CUST-00090,69,6,1263.44,UK,4,3,4,11,Loyal Customers
CUST-00091,59,11,1928.96,Germany,4,4,4,12,Champions
CUST-00092,198,3,298.93,UK,2,2,2,6,Lost
CUST-00093,241,2,167.84,UK,2,1,2,5,Lost
CUST-00094,372,2,107.26,UK,1,1,1,3,Lost
CUST-00095,33,1,113.34,UK,5,1,1,7,New Customers
CUST-00096,25,48,36989.88,UK,5,5,5,15,Champions
CUST-00097,80,2,146.89,UK,4,1,1,6,New Customers
CUST-00098,12,37,15188.62,UK,5,5,5,15,Champions
CUST-00099,61,12,2688.02,Germany,4,4,5,13,Champions
CUST-00100,274,3,327.97,Germany,1,2,2,5,Lost
CUST-00101,203,1,158.07,France,2,1,2,5,Lost
CUST-00102,156,1,201.69,France,3,1,2,6,Needs Attention
CUST-00103,292,3,486.99,UK,1,2,3,6,Lost
CUST-00104,130,5,448.6,UK,3,3,2,8,Potential Loyalists
CUST-00105,33,29,11712.55,Belgium,5,5,5,15,Champions
CUST-00106,269,3,123.99,UK,2,2,1,5,Lost
CUST-00107,27,10,2370.25,UK,5,4,4,13,Champions
CUST-00108,12,33,23781.14,UK,5,5,5,15,Champions
CUST-00109,157,6,544.67,UK,3,3,3,9,Potential Loyalists
CUST-00110,509,2,89.22,France,1,1,1,3,Lost
CUST-00111,99,12,2383.37,UK,3,4,4,11,Loyal Customers
CUST-00112,264,4,320.89,UK,2,3,2,7,Needs Attention
CUST-00113,111,5,475.51,UK,3,3,2,8,Potential Loyalists
CUST-00114,259,2,87.6,UK,2,1,1,4,Lost
CUST-00115,92,2,170.1,Germany,3,1,2,6,Needs Attention
CUST-00116,202,1,182.06,France,2,1,2,5,Lost
CUST-00117,370,2,124.14,Germany,1,1,1,3,Lost
CUST-00118,592,1,51.07,Spain,1,1,1,3,Lost
CUST-00119,208,6,1412.53,UK,2,3,4,9,At Risk
CUST-00120,147,7,1654.3,UK,3,3,4,10,Potential Loyalists
CUST-00121,61,12,2678.88,France,4,4,5,13,Champions
CUST-00122,45,10,2196.44,Germany,4,4,4,12,Champions
CUST-00123,195,1,179.84,UK,2,1,2,5,Lost
CUST-00124,33,13,3540.49,France,5,5,5,15,Champions
CUST-00125,37,2,296.42,France,5,1,2,8,New Customers
CUST-00126,239,5,957.74,UK,2,3,3,8,At Risk
CUST-00127,74,2,167.41,Germany,4,1,2,7,New Customers
CUST-00128,154,6,903.54,UK,3,3,3,9,Potential Loyalists
CUST-00129,42,14,1336.93,Germany,5,5,4,14,Champions
CUST-00130,212,5,529.76,UK,2,3,3,8,At Risk
CUST-00131,63,2,265.43,Germany,4,1,2,7,New Customers
CUST-00132,192,1,132.23,Germany,2,1,1,4,Lost
CUST-00133,33,25,13887.73,Germany,5,5,5,15,Champions
CUST-00134,255,3,168.93,Germany,2,2,2,6,Lost
CUST-00135,252,5,476.59,UK,2,3,2,7,Needs Attention
CUST-00136,72,6,975.21,UK,4,3,3,10,Potential Loyalists
CUST-00137,402,1,43.19,UK,1,1,1,3,Lost
CUST-00138,129,7,992.38,Netherlands,3,3,3,9,Potential Loyalists
CUST-00139,172,5,798.32,Germany,2,3,3,8,At Risk
CUST-00140,124,5,672.8,UK,3,3,3,9,Potential Loyalists
CUST-00141,46,12,1523.9,Germany,4,4,4,12,Champions
CUST-00142,131,6,994.57,France,3,3,3,9,Potential Loyalists
CUST-00143,319,2,79.63,Spain,1,1,1,3,Lost
CUST-00144,221,3,256.97,UK,2,2,2,6,Lost
CUST-00145,314,1,132.06,Netherlands,1,1,1,3,Lost
CUST-00146,290,3,325.71,UK,1,2,2,5,Lost
CUST-00147,55,8,2685.7,UK,4,4,5,13,Champions
CUST-00148,119,4,388.14,Germany,3,3,2,8,Potential Loyalists
CUST-00149,209,2,309.98,UK,2,1,2,5,Lost
CUST-00150,258,1,204.47,France,2,1,2,5,Lost
CUST-00151,216,3,690.34,UK,2,2,3,7,Lost
CUST-00152,16,8,1922.75,UK,5,4,4,13,Champions
CUST-00153,50,11,2552.87,France,4,4,4,12,Champions
CUST-00154,203,2,206.65,Netherlands,2,1,2,5,Lost
CUST-00155,157,5,797.97,France,3,3,3,9,Potential Loyalists
CUST-00156,49,20,5653.72,France,4,5,5,14,Champions
CUST-00157,134,3,285.2,Netherlands,3,2,2,7,Needs Attention
CUST-00158,172,7,1319.91,UK,2,3,4,9,At Risk
CUST-00159,58,6,689.93,UK,4,3,3,10,Potential Loyalists
CUST-00160,6,47,27987.98,Germany,5,5,5,15,Champions
CUST-00161,6,46,12963.03,Germany,5,5,5,15,Champions
CUST-00162,310,7,1367.3,Germany,1,3,4,8,At Risk
CUST-00163,110,11,3094.85,Germany,3,4,5,12,Loyal Customers
CUST-00164,140,5,531.53,Germany,3,3,3,9,Potential Loyalists
CUST-00165,29,16,5536.79,UK,5,5,5,15,Champions
CUST-00166,25,44,32608.36,UK,5,5,5,15,Champions
CUST-00167,55,8,2468.54,UK,4,4,4,12,Champions
CUST-00168,179,1,98.52,Netherlands,2,1,1,4,Lost
CUST-00169,132,6,615.48,Germany,3,3,3,9,Potential Loyalists
CUST-00170,39,23,8666.63,UK,5,5,5,15,Champions
CUST-00171,201,6,1048.1,UK,2,3,3,8,At Risk
CUST-00172,37,22,4861.07,UK,5,5,5,15,Champions
CUST-00173,256,3,447.48,UK,2,2,2,6,Lost
CUST-00174,132,6,685.08,Germany,3,3,3,9,Potential Loyalists
CUST-00175,18,30,6483.16,UK,5,5,5,15,Champions
CUST-00176,447,3,80.33,UK,1,2,1,4,Lost
CUST-00177,280,3,564.02,Germany,1,2,3,6,Lost
CUST-00178,346,2,135.5,UK,1,1,1,3,Lost
CUST-00179,70,11,1548.59,UK,4,4,4,12,Champions
CUST-00180,322,3,254.22,UK,1,2,2,5,Lost
CUST-00181,33,17,8580.67,UK,5,5,5,15,Champions
CUST-00182,51,8,1172.59,Spain,4,4,4,12,Champions
CUST-00183,96,13,2745.64,UK,3,5,5,13,Loyal Customers
CUST-00184,524,2,169.24,UK,1,1,2,4,Lost
CUST-00185,143,7,785.02,France,3,3,3,9,Potential Loyalists
CUST-00186,187,1,113.83,UK,2,1,1,4,Lost
CUST-00187,182,1,83.56,Germany,2,1,1,4,Lost
CUST-00188,21,17,4177.1,UK,5,5,5,15,Champions
CUST-00189,138,7,1251.88,Netherlands,3,3,4,10,Potential Loyalists
CUST-00190,29,9,1678.08,UK,5,4,4,13,Champions
CUST-00191,140,12,1363.32,UK,3,4,4,11,Loyal Customers
CUST-00192,390,2,55.24,Germany,1,1,1,3,Lost
CUST-00193,129,1,320.42,France,3,1,2,6,Needs Attention
CUST-00194,15,47,27758.52,UK,5,5,5,15,Champions
CUST-00195,62,9,1179.34,UK,4,4,4,12,Champions
CUST-00196,64,7,2004.14,France,4,4,4,12,Champions
CUST-00197,315,7,681.15,UK,1,4,3,8,At Risk
CUST-00198,163,4,1004.85,UK,3,3,3,9,Potential Loyalists
CUST-00199,163,4,1080.79,UK,3,3,3,9,Potential Loyalists
CUST-00200,11,21,15299.38,UK,5,5,5,15,Champions
CUST-00201,156,4,624.95,UK,3,3,3,9,Potential Loyalists
CUST-00202,21,43,15587.32,UK,5,5,5,15,Champions
CUST-00203,63,9,948.39,France,4,4,3,11,Loyal Customers
CUST-00204,326,4,912.95,Germany,1,3,3,7,At Risk
CUST-00205,120,4,701.77,Germany,3,3,3,9,Potential Loyalists
CUST-00206,325,2,175.13,Netherlands,1,1,2,4,Lost
CUST-00207,17,22,10980.75,Spain,5,5,5,15,Champions
CUST-00208,45,14,2000.06,Netherlands,4,5,4,13,Champions
CUST-00209,188,4,629.92,UK,2,3,3,8,At Risk
CUST-00210,432,3,190.54,UK,1,2,2,5,Lost
CUST-00211,252,3,306.52,UK,2,2,2,6,Lost
CUST-00212,23,38,26177.15,UK,5,5,5,15,Champions
CUST-00213,160,4,621.34,Germany,3,3,3,9,Potential Loyalists
CUST-00214,467,1,92.48,Belgium,1,1,1,3,Lost
CUST-00215,294,1,200.04,UK,1,1,2,4,Lost
CUST-00216,85,6,712.89,UK,4,3,3,10,Potential Loyalists
CUST-00217,72,2,197.27,Netherlands,4,1,2,7,New Customers
CUST-00218,250,1,156.37,UK,2,1,2,5,Lost
CUST-00219,170,5,618.7,UK,2,3,3,8,At Risk
CUST-00220,28,1,55.76,Spain,5,1,1,7,New Customers
CUST-00221,305,6,824.91,UK,1,3,3,7,At Risk
CUST-00222,43,1,88.82,UK,4,1,1,6,New Customers
CUST-00223,222,2,145.06,UK,2,1,1,4,Lost
CUST-00224,200,7,1199.62,Belgium,2,4,4,10,At Risk
CUST-00225,220,1,143.46,UK,2,1,1,4,Lost
CUST-00226,165,6,1484.53,UK,3,3,4,10,Potential Loyalists
CUST-00227,39,8,1257.15,Spain,5,4,4,13,Champions
CUST-00228,262,2,147.37,UK,2,1,2,5,Lost
CUST-00229,615,1,83.19,UK,1,1,1,3,Lost
CUST-00230,31,44,22076.74,UK,5,5,5,15,Champions
CUST-00231,56,12,1431.61,UK,4,4,4,12,Champions
CUST-00232,141,3,481.4,UK,3,2,3,8,Potential Loyalists
CUST-00233,470,2,137.96,UK,1,1,1,3,Lost
CUST-00234,98,6,847.05,UK,3,3,3,9,Potential Loyalists
CUST-00235,228,1,135.76,France,2,1,1,4,Lost
CUST-00236,94,4,734.79,Spain,3,3,3,9,Potential Loyalists
CUST-00237,96,1,103.55,UK,3,1,1,5,Needs Attention
CUST-00238,170,4,822.9,UK,2,3,3,8,At Risk
CUST-00239,40,6,699.57,Spain,5,3,3,11,Loyal Customers
CUST-00240,626,1,43.63,Spain,1,1,1,3,Lost
CUST-00241,220,3,284.9,France,2,2,2,6,Lost
CUST-00242,17,41,24348.95,Germany,5,5,5,15,Champions
CUST-00243,14,21,12673.36,UK,5,5,5,15,Champions
CUST-00244,22,44,25229.23,Netherlands,5,5,5,15,Champions
CUST-00245,115,6,651.51,UK,3,3,3,9,Potential Loyalists
CUST-00246,105,10,2339.74,UK,3,4,4,11,Loyal Customers
CUST-00247,45,8,778.02,UK,4,4,3,11,Loyal Customers
CUST-00248,29,26,15129.56,UK,5,5,5,15,Champions
CUST-00249,113,2,406.37,UK,3,1,2,6,Needs Attention
CUST-00250,111,4,612.58,UK,3,3,3,9,Potential Loyalists
CUST-00251,52,10,2334.24,UK,4,4,4,12,Champions
CUST-00252,347,2,135.81,UK,1,1,1,3,Lost
CUST-00253,410,1,85.3,Belgium,1,1,1,3,Lost
CUST-00254,79,16,8581.35,Belgium,4,5,5,14,Champions
CUST-00255,209,3,634.12,UK,2,2,3,7,Lost
CUST-00256,92,6,963.32,UK,3,3,3,9,Potential Loyalists
CUST-00257,326,3,129.31,France,1,2,1,4,Lost
CUST-00258,203,3,222.48,Germany,2,2,2,6,Lost
CUST-00259,312,1,66.6,Germany,1,1,1,3,Lost
CUST-00260,60,2,121.03,Spain,4,1,1,6,New Customers
CUST-00261,43,14,2544.33,UK,4,5,4,13,Champions
CUST-00262,53,12,3080.28,Germany,4,4,5,13,Champions
CUST-00263,104,7,1579.83,Germany,3,4,4,11,Loyal Customers
CUST-00264,245,2,71.68,UK,2,1,1,4,Lost
CUST-00265,184,6,1107.55,Germany,2,3,3,8,At Risk
CUST-00266,72,2,142.43,UK,4,1,1,6,New Customers
CUST-00267,121,2,177.85,UK,3,1,2,6,Needs Attention
CUST-00268,59,6,581.35,UK,4,3,3,10,Potential Loyalists
CUST-00269,4,46,17089.07,UK,5,5,5,15,Champions
CUST-00270,68,6,778.1,Netherlands,4,3,3,10,Potential Loyalists
CUST-00271,131,7,1781.76,Spain,3,4,4,11,Loyal Customers
CUST-00272,37,11,2873.75,UK,5,4,5,14,Champions
CUST-00273,24,33,24240.68,Netherlands,5,5,5,15,Champions
CUST-00274,85,4,783.24,UK,4,3,3,10,Potential Loyalists
CUST-00275,191,5,497.39,UK,2,3,3,8,At Risk
CUST-00276,485,3,197.53,UK,1,2,2,5,Lost
CUST-00277,232,2,364.17,UK,2,1,2,5,Lost
CUST-00278,29,13,2441.96,UK,5,5,4,14,Champions
CUST-00279,397,1,129.06,UK,1,1,1,3,Lost
CUST-00280,512,2,98.59,France,1,1,1,3,Lost
CUST-00281,329,3,308.81,France,1,2,2,5,Lost
CUST-00282,49,14,2984.71,Belgium,4,5,5,14,Champions
CUST-00283,330,1,118.35,UK,1,1,1,3,Lost
CUST-00284,11,24,14592.87,France,5,5,5,15,Champions
CUST-00285,275,3,207.62,Germany,1,2,2,5,Lost
CUST-00286,250,2,248.02,France,2,1,2,5,Lost
CUST-00287,53,2,250.81,UK,4,1,2,7,New Customers
CUST-00288,194,7,885.12,UK,2,4,3,9,At Risk
CUST-00289,74,8,1118.47,France,4,4,3,11,Loyal Customers
CUST-00290,170,4,301.59,UK,2,3,2,7,Needs Attention
CUST-00291,289,3,239.08,Spain,1,2,2,5,Lost
CUST-00292,26,48,37158.06,UK,5,5,5,15,Champions
CUST-00293,53,8,799.81,UK,4,4,3,11,Loyal Customers
CUST-00294,42,18,13458.42,UK,5,5,5,15,Champions
CUST-00295,270,3,400.59,UK,2,2,2,6,Lost
CUST-00296,151,6,1180.53,Germany,3,3,4,10,Potential Loyalists
CUST-00297,316,1,139.46,UK,1,1,1,3,Lost
CUST-00298,19,14,1786.75,Germany,5,5,4,14,Champions
CUST-00299,66,14,1872.57,UK,4,5,4,13,Champions
CUST-00300,174,4,598.11,France,2,3,3,8,At Risk
CUST-00301,90,18,7696.05,UK,3,5,5,13,Loyal Customers
CUST-00302,34,1,81.42,Belgium,5,1,1,7,New Customers
CUST-00303,72,12,1965.28,UK,4,4,4,12,Champions
CUST-00304,197,5,893.12,Spain,2,3,3,8,At Risk
CUST-00305,392,2,81.08,UK,1,1,1,3,Lost
CUST-00306,289,3,212.13,UK,1,2,2,5,Lost
CUST-00307,140,7,1741.61,Netherlands,3,4,4,11,Loyal Customers
CUST-00308,36,15,10858.18,UK,5,5,5,15,Champions
CUST-00309,1,38,28948.84,Germany,5,5,5,15,Champions
CUST-00310,39,19,9786.67,UK,5,5,5,15,Champions
CUST-00311,230,3,110.01,Netherlands,2,2,1,5,Lost
CUST-00312,187,6,457.48,UK,2,3,2,7,Needs Attention
CUST-00313,45,12,1642.76,Spain,4,4,4,12,Champions
CUST-00314,285,3,477.05,UK,1,2,2,5,Lost
CUST-00315,428,3,127.26,UK,1,2,1,4,Lost
CUST-00316,16,33,10147.19,UK,5,5,5,15,Champions
CUST-00317,226,1,106.92,Germany,2,1,1,4,Lost
CUST-00318,58,11,1522.21,Germany,4,4,4,12,Champions
CUST-00319,339,3,176.02,UK,1,2,2,5,Lost
CUST-00320,25,48,35895.03,UK,5,5,5,15,Champions
CUST-00321,120,5,827.95,UK,3,3,3,9,Potential Loyalists
CUST-00322,319,3,144.04,UK,1,2,1,4,Lost
CUST-00323,496,1,97.56,France,1,1,1,3,Lost
CUST-00324,214,3,327.49,UK,2,2,2,6,Lost
CUST-00325,50,16,9489.98,France,4,5,5,14,Champions
CUST-00326,132,7,1063.76,UK,3,4,3,10,Potential Loyalists
CUST-00327,30,12,3162.84,UK,5,4,5,14,Champions
CUST-00328,415,3,182.25,UK,1,2,2,5,Lost
CUST-00329,505,1,44.98,Germany,1,1,1,3,Lost
CUST-00330,224,5,341.48,France,2,3,2,7,Needs Attention
CUST-00331,69,2,210.55,UK,4,1,2,7,New Customers
CUST-00332,216,3,753.03,UK,2,2,3,7,Lost
CUST-00333,32,40,18840.06,UK,5,5,5,15,Champions
CUST-00334,15,45,33227.48,Netherlands,5,5,5,15,Champions
CUST-00335,91,7,1530.66,France,3,4,4,11,Loyal Customers
CUST-00336,328,3,200.79,UK,1,2,2,5,Lost
CUST-00337,440,1,36.04,Germany,1,1,1,3,Lost
CUST-00338,237,3,178.48,UK,2,2,2,6,Lost
CUST-00339,92,10,1769.01,France,3,4,4,11,Loyal Customers
CUST-00340,28,35,19297.31,UK,5,5,5,15,Champions
CUST-00341,166,5,1102.09,UK,3,3,3,9,Potential Loyalists
CUST-00342,153,4,591.68,Germany,3,3,3,9,Potential Loyalists
CUST-00343,135,6,493.14,UK,3,3,3,9,Potential Loyalists
CUST-00344,92,9,1134.78,Germany,3,4,4,11,Loyal Customers
CUST-00345,294,1,111.64,Germany,1,1,1,3,Lost
CUST-00346,99,10,2109.15,Belgium,3,4,4,11,Loyal Customers
CUST-00347,138,7,1130.34,Germany,3,4,4,11,Loyal Customers
CUST-00348,462,3,108.87,Germany,1,2,1,4,Lost
CUST-00349,39,25,11705.91,UK,5,5,5,15,Champions
CUST-00350,148,4,880.62,Germany,3,3,3,9,Potential Loyalists
CUST-00351,108,1,90.44,Netherlands,3,1,1,5,Needs Attention
CUST-00352,14,10,2021.76,UK,5,4,4,13,Champions
CUST-00353,112,5,557.4,Spain,3,3,3,9,Potential Loyalists
CUST-00354,62,6,479.42,UK,4,3,2,9,Potential Loyalists
CUST-00355,397,1,89.46,UK,1,1,1,3,Lost
CUST-00356,237,4,767.91,UK,2,3,3,8,At Risk
CUST-00357,138,10,1318.15,UK,3,4,4,11,Loyal Customers
CUST-00358,16,20,5572.41,UK,5,5,5,15,Champions
CUST-00359,20,2,521.12,UK,5,1,3,9,New Customers
CUST-00360,99,9,1065.74,UK,3,4,3,10,Potential Loyalists
CUST-00361,72,7,1139.3,UK,4,4,4,12,Champions
CUST-00362,459,1,56.72,Belgium,1,1,1,3,Lost
CUST-00363,69,1,139.28,UK,4,1,1,6,New Customers
CUST-00364,379,3,161.09,UK,1,2,2,5,Lost
CUST-00365,187,7,1337.34,UK,2,4,4,10,At Risk
CUST-00366,35,9,1047.28,Germany,5,4,3,12,Loyal Customers
CUST-00367,176,4,667.69,UK,2,3,3,8,At Risk
CUST-00368,220,7,1488.91,UK,2,4,4,10,At Risk
CUST-00369,438,2,77.49,Netherlands,1,1,1,3,Lost
CUST-00370,103,1,121.02,UK,3,1,1,5,Needs Attention
CUST-00371,83,11,3106.99,UK,4,4,5,13,Champions
CUST-00372,51,13,1826.07,UK,4,5,4,13,Champions
CUST-00373,58,13,3035.58,Germany,4,5,5,14,Champions
CUST-00374,93,2,285.11,Germany,3,1,2,6,Needs Attention
CUST-00375,124,5,1212.42,UK,3,3,4,10,Potential Loyalists
CUST-00376,157,4,857.09,UK,3,3,3,9,Potential Loyalists
CUST-00377,239,4,712.42,Germany,2,3,3,8,At Risk
CUST-00378,122,14,3239.49,Germany,3,5,5,13,Loyal Customers
CUST-00379,55,9,2055.91,France,4,4,4,12,Champions
CUST-00380,306,1,74.93,Netherlands,1,1,1,3,Lost
CUST-00381,54,12,2934.78,UK,4,4,5,13,Champions
CUST-00382,94,2,438.1,UK,3,1,2,6,Needs Attention
CUST-00383,114,10,1767.17,UK,3,4,4,11,Loyal Customers
CUST-00384,33,7,1988.18,UK,5,4,4,13,Champions
CUST-00385,24,35,23107.43,UK,5,5,5,15,Champions
CUST-00386,80,16,9244.45,UK,4,5,5,14,Champions
CUST-00387,88,3,335.44,UK,4,2,2,8,New Customers
CUST-00388,198,3,369.69,UK,2,2,2,6,Lost
CUST-00389,71,8,1434.49,France,4,4,4,12,Champions
CUST-00390,309,3,234.37,France,1,2,2,5,Lost
CUST-00391,154,4,480.3,UK,3,3,2,8,Potential Loyalists
CUST-00392,203,3,220.52,UK,2,2,2,6,Lost
CUST-00393,57,12,2181.04,Germany,4,4,4,12,Champions
CUST-00394,403,2,177.95,UK,1,1,2,4,Lost
CUST-00395,136,2,165.03,UK,3,1,2,6,Needs Attention
CUST-00396,219,1,78.92,Germany,2,1,1,4,Lost
CUST-00397,4,30,7560.72,UK,5,5,5,15,Champions
CUST-00398,380,3,314.42,UK,1,2,2,5,Lost
CUST-00399,383,3,311.87,UK,1,2,2,5,Lost
CUST-00400,48,9,1414.42,UK,4,4,4,12,Champions
CUST-00401,477,1,52.09,Belgium,1,1,1,3,Lost
CUST-00402,57,12,1479.79,UK,4,4,4,12,Champions
CUST-00403,386,2,163.34,France,1,1,2,4,Lost
CUST-00404,159,2,256.94,France,3,1,2,6,Needs Attention
CUST-00405,180,5,838.59,UK,2,3,3,8,At Risk
CUST-00406,120,8,1983.5,UK,3,4,4,11,Loyal Customers
CUST-00407,144,7,967.3,UK,3,4,3,10,Potential Loyalists
CUST-00408,75,13,1359.68,Germany,4,5,4,13,Champions
CUST-00409,114,7,761.63,France,3,4,3,10,Potential Loyalists
CUST-00410,93,5,1164.49,UK,3,3,4,10,Potential Loyalists
CUST-00411,34,9,1370.34,UK,5,4,4,13,Champions
CUST-00412,33,7,1087.74,UK,5,4,3,12,Loyal Customers
CUST-00413,18,21,12187.99,UK,5,5,5,15,Champions
CUST-00414,257,3,368.45,France,2,2,2,6,Lost
CUST-00415,59,7,1508.76,UK,4,4,4,12,Champions
CUST-00416,95,11,1674.14,Germany,3,4,4,11,Loyal Customers
CUST-00417,78,12,2275.1,UK,4,4,4,12,Champions
CUST-00418,130,3,976.64,UK,3,2,3,8,Potential Loyalists
CUST-00419,78,9,1604.99,UK,4,4,4,12,Champions
CUST-00420,180,7,741.47,Germany,2,4,3,9,At Risk
CUST-00421,371,3,162.39,UK,1,2,2,5,Lost
CUST-00422,407,2,64.3,Germany,1,1,1,3,Lost
CUST-00423,253,2,195.88,UK,2,1,2,5,Lost
CUST-00424,73,3,544.93,Netherlands,4,2,3,9,New Customers
CUST-00425,188,4,336.68,Germany,2,3,2,7,Needs Attention
CUST-00426,43,8,2176.34,Spain,4,4,4,12,Champions
CUST-00427,567,1,116.04,UK,1,1,1,3,Lost
CUST-00428,220,2,213.73,UK,2,1,2,5,Lost
CUST-00429,149,2,280.27,UK,3,1,2,6,Needs Attention
CUST-00430,123,1,183.08,UK,3,1,2,6,Needs Attention
CUST-00431,241,2,105.55,Germany,2,1,1,4,Lost
CUST-00432,82,12,1261.32,UK,4,4,4,12,Champions
CUST-00433,175,6,728.27,France,2,3,3,8,At Risk
CUST-00434,57,6,1465.37,France,4,3,4,11,Loyal Customers
CUST-00435,102,1,156.52,Belgium,3,1,2,6,Needs Attention
CUST-00436,201,4,926.08,UK,2,3,3,8,At Risk
CUST-00437,162,5,393.42,Germany,3,3,2,8,Potential Loyalists
CUST-00438,546,1,120.12,Germany,1,1,1,3,Lost
CUST-00439,226,3,359.22,UK,2,2,2,6,Lost
CUST-00440,63,2,217.62,UK,4,1,2,7,New Customers
CUST-00441,19,43,28995.88,UK,5,5,5,15,Champions
CUST-00442,295,1,72.16,Belgium,1,1,1,3,Lost
CUST-00443,456,1,88.53,Netherlands,1,1,1,3,Lost
CUST-00444,204,3,681.8,Germany,2,2,3,7,Lost
CUST-00445,356,2,212.98,Germany,1,1,2,4,Lost
CUST-00446,155,8,2458.94,Spain,3,4,4,11,Loyal Customers
CUST-00447,387,1,131.92,UK,1,1,1,3,Lost
CUST-00448,350,2,171.04,UK,1,1,2,4,Lost
CUST-00449,421,1,81.94,UK,1,1,1,3,Lost
CUST-00450,29,46,17851.39,UK,5,5,5,15,Champions
CUST-00451,302,5,1364.6,Netherlands,1,3,4,8,At Risk
CUST-00452,204,3,529.11,UK,2,2,3,7,Lost
CUST-00453,91,1,61.69,France,3,1,1,5,Needs Attention
CUST-00454,172,3,557.61,France,2,2,3,7,Lost
CUST-00455,216,2,251.01,UK,2,1,2,5,Lost
CUST-00456,32,20,17686.45,UK,5,5,5,15,Champions
CUST-00457,173,5,813.78,UK,2,3,3,8,At Risk
CUST-00458,37,15,4153.3,Germany,5,5,5,15,Champions
CUST-00459,328,2,66.65,Belgium,1,1,1,3,Lost
CUST-00460,80,8,2316.65,UK,4,4,4,12,Champions
CUST-00461,76,2,305.66,Germany,4,1,2,7,New Customers
CUST-00462,115,5,708.98,UK,3,3,3,9,Potential Loyalists
CUST-00463,188,6,1298.01,UK,2,3,4,9,At Risk
CUST-00464,391,1,79.84,France,1,1,1,3,Lost
CUST-00465,9,17,5031.7,UK,5,5,5,15,Champions
CUST-00466,355,3,320.47,UK,1,2,2,5,Lost
CUST-00467,243,5,483.46,UK,2,3,3,8,At Risk
CUST-00468,191,3,648.74,UK,2,2,3,7,Lost
CUST-00469,32,6,1322.85,France,5,3,4,12,Loyal Customers
CUST-00470,201,3,471.35,UK,2,2,2,6,Lost
CUST-00471,60,13,4258.49,UK,4,5,5,14,Champions
CUST-00472,151,6,649.86,UK,3,3,3,9,Potential Loyalists
CUST-00473,133,3,361.6,Spain,3,2,2,7,Needs Attention
CUST-00474,323,6,579.99,UK,1,3,3,7,At Risk
CUST-00475,30,40,29858.03,UK,5,5,5,15,Champions
CUST-00476,70,13,3660.94,France,4,5,5,14,Champions
CUST-00477,80,10,2417.34,UK,4,4,4,12,Champions
CUST-00478,130,7,881.66,UK,3,4,3,10,Potential Loyalists
CUST-00479,52,8,2735.12,UK,4,4,5,13,Champions
CUST-00480,85,10,2472.47,UK,4,4,4,12,Champions
CUST-00481,194,7,1746.04,UK,2,4,4,10,At Risk
CUST-00482,245,5,971.5,Spain,2,3,3,8,At Risk
CUST-00483,189,1,98.12,UK,2,1,1,4,Lost
CUST-00484,442,3,253.54,Netherlands,1,2,2,5,Lost
CUST-00485,22,14,1983.54,Netherlands,5,5,4,14,Champions
CUST-00486,63,9,1224.09,Spain,4,4,4,12,Champions
CUST-00487,312,3,111.92,Spain,1,2,1,4,Lost
CUST-00488,261,2,190.89,Germany,2,1,2,5,Lost
CUST-00489,121,1,146.38,France,3,1,1,5,Needs Attention
CUST-00490,109,7,1198.58,UK,3,4,4,11,Loyal Customers
CUST-00491,67,9,1033.17,UK,4,4,3,11,Loyal Customers
CUST-00492,63,11,3377.12,UK,4,4,5,13,Champions
CUST-00493,127,9,957.3,UK,3,4,3,10,Potential Loyalists
CUST-00494,195,2,178.87,France,2,1,2,5,Lost
CUST-00495,283,1,31.81,UK,1,1,1,3,Lost
CUST-00496,52,12,3239.57,Belgium,4,4,5,13,Champions
CUST-00497,225,6,688.01,UK,2,3,3,8,At Risk
CUST-00498,107,3,879.17,Belgium,3,2,3,8,Potential Loyalists
CUST-00499,23,9,2259.88,Germany,5,4,4,13,Champions
CUST-00500,20,46,30003.71,Netherlands,5,5,5,15,Champions
CUST-00501,37,31,17771.62,UK,5,5,5,15,Champions
CUST-00502,74,14,1864.99,Germany,4,5,4,13,Champions
CUST-00503,70,12,2804.57,Spain,4,4,5,13,Champions
CUST-00504,273,3,516.18,UK,2,2,3,7,Lost
CUST-00505,42,27,8123.39,UK,5,5,5,15,Champions
CUST-00506,300,3,425.48,Netherlands,1,2,2,5,Lost
CUST-00507,59,14,2883.87,UK,4,5,5,14,Champions
CUST-00508,348,2,130.19,UK,1,1,1,3,Lost
CUST-00509,44,24,7190.55,UK,4,5,5,14,Champions
CUST-00510,179,4,513.55,UK,2,3,3,8,At Risk
CUST-00511,455,2,209.21,UK,1,1,2,4,Lost
CUST-00512,309,6,1191.54,Netherlands,1,3,4,8,At Risk
CUST-00513,90,2,129.0,UK,3,1,1,5,Needs Attention
CUST-00514,477,2,119.71,UK,1,1,1,3,Lost
CUST-00515,48,14,4767.62,UK,4,5,5,14,Champions
CUST-00516,139,4,521.7,Germany,3,3,3,9,Potential Loyalists
CUST-00517,53,14,2416.34,Netherlands,4,5,4,13,Champions
CUST-00518,83,10,1193.3,UK,4,4,4,12,Champions
CUST-00519,33,6,594.68,Germany,5,3,3,11,Loyal Customers
CUST-00520,67,2,340.0,France,4,1,2,7,New Customers
CUST-00521,60,8,1989.8,Germany,4,4,4,12,Champions
CUST-00522,177,5,432.05,UK,2,3,2,7,Needs Attention
CUST-00523,349,3,94.78,UK,1,2,1,4,Lost
CUST-00524,122,7,2061.12,Belgium,3,4,4,11,Loyal Customers
CUST-00525,211,7,1352.12,UK,2,4,4,10,At Risk
CUST-00526,404,2,189.14,France,1,1,2,4,Lost
CUST-00527,548,2,87.74,UK,1,1,1,3,Lost
CUST-00528,531,1,39.33,UK,1,1,1,3,Lost
CUST-00529,391,1,100.36,UK,1,1,1,3,Lost
CUST-00530,59,7,1994.18,Spain,4,4,4,12,Champions
CUST-00531,32,14,2429.95,France,5,5,4,14,Champions
CUST-00532,53,7,2391.54,UK,4,4,4,12,Champions
CUST-00533,35,23,12783.59,UK,5,5,5,15,Champions
CUST-00534,416,2,72.11,Germany,1,1,1,3,Lost
CUST-00535,90,6,1580.11,Netherlands,3,3,4,10,Potential Loyalists
CUST-00536,136,6,1445.02,UK,3,3,4,10,Potential Loyalists
CUST-00537,54,12,3500.55,UK,4,4,5,13,Champions
CUST-00538,140,6,1116.84,UK,3,3,3,9,Potential Loyalists
CUST-00539,84,9,1638.18,UK,4,4,4,12,Champions
CUST-00540,206,5,706.14,UK,2,3,3,8,At Risk
CUST-00541,35,2,180.58,UK,5,1,2,8,New Customers
CUST-00542,148,5,676.51,Spain,3,3,3,9,Potential Loyalists
CUST-00543,17,47,26638.65,France,5,5,5,15,Champions
CUST-00544,35,12,2615.68,UK,5,4,5,14,Champions
CUST-00545,379,2,150.73,UK,1,1,2,4,Lost
CUST-00546,82,3,587.68,UK,4,2,3,9,New Customers
CUST-00547,45,31,22612.91,France,4,5,5,14,Champions
CUST-00548,305,1,101.9,Belgium,1,1,1,3,Lost
CUST-00549,93,7,1321.34,UK,3,4,4,11,Loyal Customers
CUST-00550,13,41,20749.28,Spain,5,5,5,15,Champions
CUST-00551,149,1,54.98,UK,3,1,1,5,Needs Attention
CUST-00552,110,2,365.48,Spain,3,1,2,6,Needs Attention
CUST-00553,162,4,795.98,UK,3,3,3,9,Potential Loyalists
CUST-00554,335,3,185.29,UK,1,2,2,5,Lost
CUST-00555,287,3,261.76,Germany,1,2,2,5,Lost
CUST-00556,34,8,1191.59,Germany,5,4,4,13,Champions
CUST-00557,207,7,1162.46,UK,2,4,4,10,At Risk
CUST-00558,192,4,562.11,Belgium,2,3,3,8,At Risk
CUST-00559,179,5,931.55,Germany,2,3,3,8,At Risk
CUST-00560,142,11,2911.12,France,3,4,5,12,Loyal Customers
CUST-00561,341,1,31.99,UK,1,1,1,3,Lost
CUST-00562,10,32,11514.72,UK,5,5,5,15,Champions
CUST-00563,225,4,942.92,Germany,2,3,3,8,At Risk
CUST-00564,38,7,1186.38,UK,5,4,4,13,Champions
CUST-00565,245,3,203.84,UK,2,2,2,6,Lost
CUST-00566,59,8,1777.75,UK,4,4,4,12,Champions
CUST-00567,27,22,18818.53,Netherlands,5,5,5,15,Champions
CUST-00568,312,5,599.88,UK,1,3,3,7,At Risk
CUST-00569,61,18,7662.59,UK,4,5,5,14,Champions
CUST-00570,108,2,145.56,UK,3,1,1,5,Needs Attention
CUST-00571,215,2,363.12,UK,2,1,2,5,Lost
CUST-00572,92,2,309.0,France,3,1,2,6,Needs Attention
CUST-00573,137,2,272.9,UK,3,1,2,6,Needs Attention
CUST-00574,116,2,345.71,UK,3,1,2,6,Needs Attention
CUST-00575,184,7,1710.03,UK,2,4,4,10,At Risk
CUST-00576,26,29,15469.5,Germany,5,5,5,15,Champions
CUST-00577,177,3,215.62,UK,2,2,2,6,Lost
CUST-00578,99,8,1254.75,UK,3,4,4,11,Loyal Customers
CUST-00579,98,4,270.37,UK,3,3,2,8,Potential Loyalists
CUST-00580,39,13,4212.68,UK,5,5,5,15,Champions
CUST-00581,33,44,24435.75,UK,5,5,5,15,Champions
CUST-00582,321,2,174.74,UK,1,1,2,4,Lost
CUST-00583,146,5,520.3,UK,3,3,3,9,Potential Loyalists
CUST-00584,539,2,34.12,Belgium,1,1,1,3,Lost
CUST-00585,79,10,1471.28,UK,4,4,4,12,Champions
CUST-00586,263,3,209.98,Germany,2,2,2,6,Lost
CUST-00587,341,2,72.07,UK,1,1,1,3,Lost
CUST-00588,78,10,1715.33,UK,4,4,4,12,Champions
CUST-00589,164,6,1208.24,France,3,3,4,10,Potential Loyalists
CUST-00590,115,6,904.46,UK,3,3,3,9,Potential Loyalists
CUST-00591,244,1,98.34,France,2,1,1,4,Lost
CUST-00592,140,2,292.95,UK,3,1,2,6,Needs Attention
CUST-00593,110,4,1037.23,UK,3,3,3,9,Potential Loyalists
CUST-00594,61,9,2415.08,UK,4,4,4,12,Champions
CUST-00595,42,1,148.28,UK,5,1,2,8,New Customers
CUST-00596,37,7,2187.05,Spain,5,4,4,13,Champions
CUST-00597,195,4,1053.91,UK,2,3,3,8,At Risk
CUST-00598,24,25,18719.17,UK,5,5,5,15,Champions
CUST-00599,189,5,438.35,UK,2,3,2,7,Needs Attention
CUST-00600,47,1,233.17,France,4,1,2,7,New Customers
CUST-00601,28,16,11833.73,France,5,5,5,15,Champions
CUST-00602,37,6,1117.07,Germany,5,3,3,11,Loyal Customers
CUST-00603,32,20,15058.09,UK,5,5,5,15,Champions
CUST-00604,30,25,10617.44,Germany,5,5,5,15,Champions
CUST-00605,237,3,142.0,France,2,2,1,5,Lost
CUST-00606,81,12,2079.14,UK,4,4,4,12,Champions
CUST-00607,219,1,45.44,Germany,2,1,1,4,Lost
CUST-00608,10,42,17391.13,Spain,5,5,5,15,Champions
CUST-00609,67,6,1347.36,UK,4,3,4,11,Loyal Customers
CUST-00610,46,49,30981.0,UK,4,5,5,14,Champions
CUST-00611,70,2,144.66,France,4,1,1,6,New Customers
CUST-00612,384,3,128.77,UK,1,2,1,4,Lost
CUST-00613,39,2,201.47,UK,5,1,2,8,New Customers
CUST-00614,38,22,10147.55,UK,5,5,5,15,Champions
CUST-00615,192,3,701.5,UK,2,2,3,7,Lost
CUST-00616,440,3,133.4,Germany,1,2,1,4,Lost
CUST-00617,62,2,252.53,UK,4,1,2,7,New Customers
CUST-00618,105,4,664.16,UK,3,3,3,9,Potential Loyalists
CUST-00619,250,3,430.07,France,2,2,2,6,Lost
CUST-00620,10,42,19664.84,Belgium,5,5,5,15,Champions
CUST-00621,37,9,1608.26,UK,5,4,4,13,Champions
CUST-00622,518,1,61.06,UK,1,1,1,3,Lost
CUST-00623,95,8,933.67,UK,3,4,3,10,Potential Loyalists
CUST-00624,20,6,808.97,UK,5,3,3,11,Loyal Customers
CUST-00625,104,6,1476.65,Germany,3,3,4,10,Potential Loyalists
CUST-00626,196,5,835.56,Germany,2,3,3,8,At Risk
CUST-00627,132,9,1783.54,Spain,3,4,4,11,Loyal Customers
CUST-00628,36,10,2289.48,Spain,5,4,4,13,Champions
CUST-00629,116,9,2229.66,France,3,4,4,11,Loyal Customers
CUST-00630,366,2,121.77,UK,1,1,1,3,Lost
CUST-00631,72,8,1550.38,Germany,4,4,4,12,Champions
CUST-00632,380,3,165.07,UK,1,2,2,5,Lost
CUST-00633,247,1,62.39,UK,2,1,1,4,Lost
CUST-00634,440,1,49.06,UK,1,1,1,3,Lost
CUST-00635,270,1,101.91,Spain,2,1,1,4,Lost
CUST-00636,107,2,181.55,UK,3,1,2,6,Needs Attention
CUST-00637,333,2,98.06,UK,1,1,1,3,Lost
CUST-00638,243,7,786.2,UK,2,4,3,9,At Risk
CUST-00639,130,2,384.67,UK,3,1,2,6,Needs Attention
CUST-00640,58,13,3077.33,Germany,4,5,5,14,Champions
CUST-00641,107,1,104.76,UK,3,1,1,5,Needs Attention
CUST-00642,21,36,22473.51,UK,5,5,5,15,Champions
CUST-00643,59,7,1016.56,Germany,4,4,3,11,Loyal Customers
CUST-00644,445,3,198.95,UK,1,2,2,5,Lost
CUST-00645,87,2,116.48,UK,4,2,1,7,New Customers
CUST-00646,41,2,109.16,Belgium,5,2,1,8,New Customers
CUST-00647,29,38,26136.68,UK,5,5,5,15,Champions
CUST-00648,87,7,964.5,UK,4,4,3,11,Loyal Customers
CUST-00649,174,7,492.73,Germany,2,4,3,9,At Risk
CUST-00650,72,13,3300.63,UK,4,5,5,14,Champions
CUST-00651,44,13,2777.35,Netherlands,4,5,5,14,Champions
CUST-00652,36,14,3528.88,France,5,5,5,15,Champions
CUST-00653,8,40,9906.93,UK,5,5,5,15,Champions
CUST-00654,243,4,598.92,Netherlands,2,3,3,8,At Risk
CUST-00655,162,6,955.42,Germany,3,3,3,9,Potential Loyalists
CUST-00656,75,1,92.27,UK,4,1,1,6,New Customers
CUST-00657,306,1,44.64,Netherlands,1,1,1,3,Lost
CUST-00658,244,6,1382.16,UK,2,3,4,9,At Risk
CUST-00659,12,12,1646.21,France,5,4,4,13,Champions
CUST-00660,296,2,344.63,Germany,1,2,2,5,Lost
CUST-00661,154,5,481.54,France,3,3,3,9,Potential Loyalists
CUST-00662,66,12,3123.83,UK,4,4,5,13,Champions
CUST-00663,155,2,157.72,UK,3,2,2,7,Needs Attention
CUST-00664,36,9,2030.55,UK,5,4,4,13,Champions
CUST-00665,296,1,40.52,France,1,1,1,3,Lost
CUST-00666,23,28,20985.57,UK,5,5,5,15,Champions
CUST-00667,140,7,627.27,UK,3,4,3,10,Potential Loyalists
CUST-00668,96,6,1874.69,UK,3,3,4,10,Potential Loyalists
CUST-00669,54,14,3108.98,Spain,4,5,5,14,Champions
CUST-00670,35,13,2513.1,UK,5,5,4,14,Champions
CUST-00671,134,6,1165.84,Spain,3,3,4,10,Potential Loyalists
CUST-00672,58,14,2963.79,UK,4,5,5,14,Champions
CUST-00673,24,2,378.14,Germany,5,2,2,9,New Customers
CUST-00674,253,4,627.13,UK,2,3,3,8,At Risk
CUST-00675,66,9,1875.2,Spain,4,4,4,12,Champions
CUST-00676,144,7,1669.98,Germany,3,4,4,11,Loyal Customers
CUST-00677,66,8,1278.45,Netherlands,4,4,4,12,Champions
CUST-00678,144,1,78.74,UK,3,1,1,5,Needs Attention
CUST-00679,82,9,2109.19,UK,4,4,4,12,Champions
CUST-00680,7,2,177.15,UK,5,2,2,9,New Customers
CUST-00681,89,8,1983.72,UK,4,4,4,12,Champions
CUST-00682,500,1,107.85,UK,1,1,1,3,Lost
CUST-00683,132,3,500.9,France,3,2,3,8,Potential Loyalists
CUST-00684,69,7,1302.53,Germany,4,4,4,12,Champions
CUST-00685,47,8,1687.51,UK,4,4,4,12,Champions
CUST-00686,33,6,927.59,UK,5,3,3,11,Loyal Customers
CUST-00687,11,15,9131.13,France,5,5,5,15,Champions
CUST-00688,26,7,1304.44,UK,5,4,4,13,Champions
CUST-00689,55,6,1734.93,UK,4,3,4,11,Loyal Customers
CUST-00690,165,3,415.73,France,3,2,2,7,Needs Attention
CUST-00691,142,4,366.41,UK,3,3,2,8,Potential Loyalists
CUST-00692,63,14,4049.29,UK,4,5,5,14,Champions
CUST-00693,233,4,667.52,UK,2,3,3,8,At Risk
CUST-00694,127,4,534.29,France,3,3,3,9,Potential Loyalists
CUST-00695,248,3,185.89,UK,2,2,2,6,Lost
CUST-00696,19,16,5186.68,Netherlands,5,5,5,15,Champions
CUST-00697,441,1,99.13,UK,1,1,1,3,Lost
CUST-00698,238,2,200.8,Belgium,2,2,2,6,Lost
CUST-00699,271,4,666.52,Belgium,2,3,3,8,At Risk
CUST-00700,43,2,141.76,France,4,2,1,7,New Customers
CUST-00701,100,2,389.69,Spain,3,2,2,7,Needs Attention
CUST-00702,440,1,42.7,Spain,1,1,1,3,Lost
CUST-00703,248,3,327.04,UK,2,2,2,6,Lost
CUST-00704,218,3,148.33,Netherlands,2,2,2,6,Lost
CUST-00705,274,1,37.44,Germany,1,1,1,3,Lost
CUST-00706,232,2,190.91,UK,2,2,2,6,Lost
CUST-00707,50,12,2625.38,Belgium,4,4,5,13,Champions
CUST-00708,48,7,1383.09,UK,4,4,4,12,Champions
CUST-00709,68,1,147.12,Belgium,4,1,1,6,New Customers
CUST-00710,23,12,2563.18,Belgium,5,4,4,13,Champions
CUST-00711,42,10,1169.8,Spain,5,4,4,13,Champions
CUST-00712,96,4,805.24,UK,3,3,3,9,Potential Loyalists
CUST-00713,148,1,160.38,UK,3,1,2,6,Needs Attention
CUST-00714,24,13,3461.59,UK,5,5,5,15,Champions
CUST-00715,19,41,22258.59,Spain,5,5,5,15,Champions
CUST-00716,331,3,612.0,France,1,2,3,6,Lost
CUST-00717,244,1,204.75,UK,2,1,2,5,Lost
CUST-00718,231,5,1119.07,UK,2,3,3,8,At Risk
CUST-00719,326,3,197.93,UK,1,2,2,5,Lost
CUST-00720,369,3,290.4,UK,1,2,2,5,Lost
CUST-00721,189,1,45.12,Spain,2,1,1,4,Lost
CUST-00722,30,36,7479.21,UK,5,5,5,15,Champions
CUST-00723,55,9,2091.14,UK,4,4,4,12,Champions
CUST-00724,298,1,46.41,UK,1,1,1,3,Lost
CUST-00725,160,5,736.88,Germany,3,3,3,9,Potential Loyalists
CUST-00726,12,1,89.03,UK,5,1,1,7,New Customers
CUST-00727,210,6,852.05,Spain,2,3,3,8,At Risk
CUST-00728,82,6,364.52,UK,4,3,2,9,Potential Loyalists
CUST-00729,330,1,97.24,Netherlands,1,1,1,3,Lost
CUST-00730,199,2,131.23,France,2,2,1,5,Lost
CUST-00731,21,39,27996.94,UK,5,5,5,15,Champions
CUST-00732,81,8,1497.46,Germany,4,4,4,12,Champions
CUST-00733,350,3,128.95,Belgium,1,2,1,4,Lost
CUST-00734,88,8,2475.17,Netherlands,4,4,4,12,Champions
CUST-00735,69,6,646.33,Germany,4,3,3,10,Potential Loyalists
CUST-00736,33,13,1692.99,UK,5,5,4,14,Champions
CUST-00737,8,49,27382.47,UK,5,5,5,15,Champions
CUST-00738,26,37,9843.73,UK,5,5,5,15,Champions
CUST-00739,137,6,610.91,Germany,3,3,3,9,Potential Loyalists
CUST-00740,24,11,2160.25,UK,5,4,4,13,Champions
CUST-00741,238,3,758.78,UK,2,2,3,7,Lost
CUST-00742,149,1,115.13,UK,3,1,1,5,Needs Attention
CUST-00743,31,41,17343.73,UK,5,5,5,15,Champions
CUST-00744,145,6,1081.33,Germany,3,3,3,9,Potential Loyalists
CUST-00745,15,22,7356.49,UK,5,5,5,15,Champions
CUST-00746,196,4,1054.37,UK,2,3,3,8,At Risk
CUST-00747,79,14,2661.85,UK,4,5,5,14,Champions
CUST-00748,60,9,1892.3,UK,4,4,4,12,Champions
CUST-00749,84,14,2682.53,France,4,5,5,14,Champions
CUST-00750,54,12,1862.53,UK,4,4,4,12,Champions
CUST-00751,60,13,1535.58,UK,4,5,4,13,Champions
CUST-00752,27,13,3120.43,UK,5,5,5,15,Champions
CUST-00753,442,1,18.35,Netherlands,1,1,1,3,Lost
CUST-00754,52,17,11482.76,Germany,4,5,5,14,Champions
CUST-00755,80,7,657.03,France,4,4,3,11,Loyal Customers
CUST-00756,30,46,25313.03,Spain,5,5,5,15,Champions
CUST-00757,95,4,406.14,Spain,3,3,2,8,Potential Loyalists
CUST-00758,424,1,78.66,France,1,1,1,3,Lost
CUST-00759,233,1,56.36,UK,2,1,1,4,Lost
CUST-00760,158,3,367.5,UK,3,2,2,7,Needs Attention
CUST-00761,241,1,45.36,UK,2,1,1,4,Lost
CUST-00762,124,3,772.25,UK,3,2,3,8,Potential Loyalists
CUST-00763,196,3,569.16,UK,2,2,3,7,Lost
CUST-00764,30,36,9772.86,UK,5,5,5,15,Champions
CUST-00765,30,14,2503.66,Spain,5,5,4,14,Champions
CUST-00766,205,4,813.75,UK,2,3,3,8,At Risk
CUST-00767,496,1,55.33,Spain,1,1,1,3,Lost
CUST-00768,192,3,415.63,UK,2,2,2,6,Lost
CUST-00769,476,1,74.92,UK,1,1,1,3,Lost
CUST-00770,162,7,844.55,UK,3,4,3,10,Potential Loyalists
CUST-00771,272,3,342.69,Germany,2,2,2,6,Lost
CUST-00772,578,1,64.57,Germany,1,1,1,3,Lost
CUST-00773,151,7,959.17,Spain,3,4,3,10,Potential Loyalists
CUST-00774,524,1,31.03,France,1,1,1,3,Lost
CUST-00775,342,3,273.13,Germany,1,2,2,5,Lost
CUST-00776,179,6,751.91,UK,2,3,3,8,At Risk
CUST-00777,138,5,904.87,UK,3,3,3,9,Potential Loyalists
CUST-00778,241,1,145.88,UK,2,1,1,4,Lost
CUST-00779,36,49,37754.49,France,5,5,5,15,Champions
CUST-00780,55,11,2943.94,UK,4,4,5,13,Champions
CUST-00781,16,29,9719.76,Spain,5,5,5,15,Champions
CUST-00782,408,3,229.05,UK,1,2,2,5,Lost
CUST-00783,20,45,26603.72,UK,5,5,5,15,Champions
CUST-00784,116,2,67.12,France,3,2,1,6,Needs Attention
CUST-00785,37,48,21264.2,Germany,5,5,5,15,Champions
CUST-00786,177,7,841.26,Germany,2,4,3,9,At Risk
CUST-00787,141,3,230.25,France,3,2,2,7,Needs Attention
CUST-00788,34,23,11010.12,UK,5,5,5,15,Champions
CUST-00789,33,28,14597.13,UK,5,5,5,15,Champions
CUST-00790,143,7,784.43,UK,3,4,3,10,Potential Loyalists
CUST-00791,168,1,12.06,UK,3,1,1,5,Needs Attention
CUST-00792,228,2,68.45,UK,2,2,1,5,Lost
CUST-00793,39,20,11463.59,UK,5,5,5,15,Champions
CUST-00794,183,7,1166.6,UK,2,4,4,10,At Risk
CUST-00795,68,1,260.37,Belgium,4,1,2,7,New Customers
CUST-00796,290,2,65.65,UK,1,2,1,4,Lost
CUST-00797,18,34,8490.18,Germany,5,5,5,15,Champions
CUST-00798,175,10,2548.69,UK,2,4,4,10,At Risk
CUST-00799,593,1,29.36,UK,1,1,1,3,Lost
CUST-00800,283,5,547.35,Germany,1,3,3,7,At Risk
CUST-00801,325,2,65.42,UK,1,2,1,4,Lost
CUST-00802,26,21,14428.47,Germany,5,5,5,15,Champions
CUST-00803,285,3,97.73,Germany,1,2,1,4,Lost
CUST-00804,30,35,11689.58,Netherlands,5,5,5,15,Champions
CUST-00805,34,12,3075.95,Germany,5,4,5,14,Champions
CUST-00806,132,5,1231.79,Spain,3,3,4,10,Potential Loyalists
CUST-00807,11,18,4732.05,UK,5,5,5,15,Champions
CUST-00808,43,1,176.96,Spain,4,1,2,7,New Customers
CUST-00809,435,2,103.68,UK,1,2,1,4,Lost
CUST-00810,71,13,3096.24,UK,4,5,5,14,Champions
CUST-00811,602,1,81.55,France,1,1,1,3,Lost
CUST-00812,18,14,3256.99,Germany,5,5,5,15,Champions
CUST-00813,159,4,403.27,UK,3,3,2,8,Potential Loyalists
CUST-00814,186,5,538.91,France,2,3,3,8,At Risk
CUST-00815,160,7,1356.93,UK,3,4,4,11,Loyal Customers
CUST-00816,126,1,227.94,Netherlands,3,1,2,6,Needs Attention
CUST-00817,95,7,531.09,UK,3,4,3,10,Potential Loyalists
CUST-00818,55,13,1525.45,UK,4,5,4,13,Champions
CUST-00819,121,6,1176.9,UK,3,3,4,10,Potential Loyalists
CUST-00820,99,5,1260.8,Germany,3,3,4,10,Potential Loyalists
CUST-00821,20,34,9595.82,UK,5,5,5,15,Champions
CUST-00822,24,25,6050.3,Germany,5,5,5,15,Champions
CUST-00823,443,1,80.78,Spain,1,1,1,3,Lost
CUST-00824,69,8,1327.55,Belgium,4,4,4,12,Champions
CUST-00825,127,1,175.51,Spain,3,1,2,6,Needs Attention
CUST-00826,28,42,19884.07,Spain,5,5,5,15,Champions
CUST-00827,151,7,1322.11,UK,3,4,4,11,Loyal Customers
CUST-00828,15,15,9155.49,UK,5,5,5,15,Champions
CUST-00829,43,9,1396.12,Spain,4,4,4,12,Champions
CUST-00830,209,3,695.67,Belgium,2,2,3,7,Lost
CUST-00831,97,6,984.52,UK,3,3,3,9,Potential Loyalists
CUST-00832,16,30,14614.9,Netherlands,5,5,5,15,Champions
CUST-00833,17,17,9302.91,Germany,5,5,5,15,Champions
CUST-00834,63,7,739.52,UK,4,4,3,11,Loyal Customers
CUST-00835,57,9,2195.92,UK,4,4,4,12,Champions
CUST-00836,236,3,146.83,Belgium,2,2,1,5,Lost
CUST-00837,57,2,526.28,UK,4,2,3,9,New Customers
CUST-00838,222,2,360.7,UK,2,2,2,6,Lost
CUST-00839,413,3,173.44,Germany,1,2,2,5,Lost
CUST-00840,195,7,1238.81,Germany,2,4,4,10,At Risk
CUST-00841,266,2,220.57,UK,2,2,2,6,Lost
CUST-00842,396,1,60.62,Germany,1,1,1,3,Lost
CUST-00843,12,42,19065.82,UK,5,5,5,15,Champions
CUST-00844,202,4,830.71,Netherlands,2,3,3,8,At Risk
CUST-00845,344,3,252.48,UK,1,2,2,5,Lost
CUST-00846,53,13,2587.42,UK,4,5,5,14,Champions
CUST-00847,74,2,132.25,Belgium,4,2,1,7,New Customers
CUST-00848,45,12,1361.75,UK,4,4,4,12,Champions
CUST-00849,320,1,77.77,France,1,1,1,3,Lost
CUST-00850,228,3,224.23,UK,2,2,2,6,Lost
CUST-00851,41,14,2518.94,UK,5,5,4,14,Champions
CUST-00852,76,12,2711.86,UK,4,4,5,13,Champions
CUST-00853,114,6,655.6,UK,3,3,3,9,Potential Loyalists
CUST-00854,17,38,22971.01,UK,5,5,5,15,Champions
CUST-00855,6,34,21085.29,UK,5,5,5,15,Champions
CUST-00856,163,4,551.85,Germany,3,3,3,9,Potential Loyalists
CUST-00857,240,2,164.82,Netherlands,2,2,2,6,Lost
CUST-00858,197,3,388.99,Germany,2,2,2,6,Lost
CUST-00859,317,2,136.73,France,1,2,1,4,Lost
CUST-00860,267,2,96.38,France,2,2,1,5,Lost
CUST-00861,108,9,2410.41,UK,3,4,4,11,Loyal Customers
CUST-00862,183,4,265.98,Belgium,2,3,2,7,Needs Attention
CUST-00863,163,5,945.4,France,3,3,3,9,Potential Loyalists
CUST-00864,366,2,87.37,UK,1,2,1,4,Lost
CUST-00865,55,2,215.41,France,4,2,2,8,New Customers
CUST-00866,11,46,19004.22,UK,5,5,5,15,Champions
CUST-00867,91,16,13207.79,UK,3,5,5,13,Loyal Customers
CUST-00868,82,6,1438.39,UK,4,3,4,11,Loyal Customers
CUST-00869,190,6,804.6,UK,2,3,3,8,At Risk
CUST-00870,149,12,1641.67,UK,3,4,4,11,Loyal Customers
CUST-00871,451,2,151.76,Germany,1,2,2,5,Lost
CUST-00872,158,8,1251.88,UK,3,4,4,11,Loyal Customers
CUST-00873,337,3,158.8,UK,1,2,2,5,Lost
CUST-00874,258,4,756.39,UK,2,3,3,8,At Risk
CUST-00875,236,6,516.25,UK,2,3,3,8,At Risk
CUST-00876,32,12,2368.01,UK,5,4,4,13,Champions
CUST-00877,465,1,66.9,UK,1,1,1,3,Lost
CUST-00878,215,7,710.18,UK,2,4,3,9,At Risk
CUST-00879,343,2,121.08,Netherlands,1,2,1,4,Lost
CUST-00880,79,2,83.77,France,4,2,1,7,New Customers
CUST-00881,414,2,159.23,UK,1,2,2,5,Lost
CUST-00882,104,9,2263.28,UK,3,4,4,11,Loyal Customers
CUST-00883,228,6,805.76,Netherlands,2,3,3,8,At Risk
CUST-00884,123,9,1881.18,UK,3,4,4,11,Loyal Customers
CUST-00885,329,2,117.12,UK,1,2,1,4,Lost
CUST-00886,172,7,1052.44,Germany,2,4,3,9,At Risk
CUST-00887,152,5,943.5,UK,3,3,3,9,Potential Loyalists
CUST-00888,509,1,57.77,France,1,1,1,3,Lost
CUST-00889,233,7,1236.11,France,2,4,4,10,At Risk
CUST-00890,302,2,86.0,Germany,1,2,1,4,Lost
CUST-00891,146,7,1687.1,France,3,4,4,11,Loyal Customers
CUST-00892,223,3,597.57,UK,2,2,3,7,Lost
CUST-00893,186,2,213.49,UK,2,2,2,6,Lost
CUST-00894,40,6,1635.72,UK,5,3,4,12,Loyal Customers
CUST-00895,147,4,675.46,UK,3,3,3,9,Potential Loyalists
CUST-00896,68,35,16683.38,France,4,5,5,14,Champions
CUST-00897,27,36,10192.05,Germany,5,5,5,15,Champions
CUST-00898,174,7,817.7,UK,2,4,3,9,At Risk
CUST-00899,270,1,236.16,UK,2,1,2,5,Lost
CUST-00900,124,3,724.61,Germany,3,2,3,8,Potential Loyalists
CUST-00901,258,3,410.63,Germany,2,2,2,6,Lost
CUST-00902,51,2,199.4,Germany,4,2,2,8,New Customers
CUST-00903,48,1,101.48,Spain,4,1,1,6,New Customers
CUST-00904,442,3,227.57,UK,1,2,2,5,Lost
CUST-00905,73,14,1844.71,UK,4,5,4,13,Champions
CUST-00906,148,4,814.14,UK,3,3,3,9,Potential Loyalists
CUST-00907,55,11,1480.9,France,4,4,4,12,Champions
CUST-00908,412,1,52.3,UK,1,1,1,3,Lost
CUST-00909,27,31,14354.09,UK,5,5,5,15,Champions
CUST-00910,142,3,385.27,UK,3,2,2,7,Needs Attention
CUST-00911,168,3,703.06,UK,3,2,3,8,Potential Loyalists
CUST-00912,174,6,1557.18,UK,2,3,4,9,At Risk
CUST-00913,124,7,1045.89,Belgium,3,4,3,10,Potential Loyalists
CUST-00914,155,6,1354.33,Netherlands,3,3,4,10,Potential Loyalists
CUST-00915,477,1,52.56,UK,1,1,1,3,Lost
CUST-00916,64,17,9399.11,UK,4,5,5,14,Champions
CUST-00917,29,41,22306.75,UK,5,5,5,15,Champions
CUST-00918,385,1,125.42,UK,1,1,1,3,Lost
CUST-00919,120,6,827.34,Spain,3,3,3,9,Potential Loyalists
CUST-00920,22,9,1061.75,Germany,5,4,3,12,Loyal Customers
CUST-00921,391,2,152.65,Netherlands,1,2,2,5,Lost
CUST-00922,71,13,1728.07,France,4,5,4,13,Champions
CUST-00923,31,13,3505.52,UK,5,5,5,15,Champions
CUST-00924,41,11,2304.29,UK,5,4,4,13,Champions
CUST-00925,179,5,557.93,UK,2,3,3,8,At Risk
CUST-00926,274,1,84.72,Germany,1,1,1,3,Lost
CUST-00927,84,15,12044.65,UK,4,5,5,14,Champions
CUST-00928,73,13,1551.13,UK,4,5,4,13,Champions
CUST-00929,51,2,503.97,Spain,4,2,3,9,New Customers
CUST-00930,53,36,10845.27,Germany,4,5,5,14,Champions
CUST-00931,234,3,300.11,Germany,2,2,2,6,Lost
CUST-00932,29,45,14282.91,UK,5,5,5,15,Champions
CUST-00933,460,1,56.85,Spain,1,1,1,3,Lost
CUST-00934,135,4,494.83,Germany,3,3,3,9,Potential Loyalists
CUST-00935,273,4,432.26,UK,2,3,2,7,Needs Attention
CUST-00936,117,3,423.31,UK,3,2,2,7,Needs Attention
CUST-00937,43,8,1058.27,Belgium,4,4,3,11,Loyal Customers
CUST-00938,154,2,299.46,UK,3,2,2,7,Needs Attention
CUST-00939,224,7,680.88,UK,2,4,3,9,At Risk
CUST-00940,387,2,54.66,Germany,1,2,1,4,Lost
CUST-00941,155,2,145.72,Belgium,3,2,1,6,Needs Attention
CUST-00942,435,2,288.37,UK,1,2,2,5,Lost
CUST-00943,109,6,662.47,Germany,3,3,3,9,Potential Loyalists
CUST-00944,19,45,22424.91,UK,5,5,5,15,Champions
CUST-00945,383,2,115.1,Spain,1,2,1,4,Lost
CUST-00946,23,8,1099.89,UK,5,4,3,12,Loyal Customers
CUST-00947,186,2,383.36,Germany,2,2,2,6,Lost
CUST-00948,268,6,1039.08,UK,2,3,3,8,At Risk
CUST-00949,295,5,1074.55,Germany,1,3,3,7,At Risk
CUST-00950,51,12,1891.6,UK,4,4,4,12,Champions
CUST-00951,141,6,594.82,UK,3,3,3,9,Potential Loyalists
CUST-00952,28,45,30467.3,UK,5,5,5,15,Champions
CUST-00953,235,5,1040.32,France,2,3,3,8,At Risk
CUST-00954,178,3,616.42,Germany,2,2,3,7,Lost
CUST-00955,23,48,15890.23,UK,5,5,5,15,Champions
CUST-00956,36,2,245.13,UK,5,2,2,9,New Customers
CUST-00957,96,1,127.16,UK,3,1,1,5,Needs Attention
CUST-00958,123,6,403.57,France,3,3,2,8,Potential Loyalists
CUST-00959,30,13,4217.76,UK,5,5,5,15,Champions
CUST-00960,276,2,140.55,Netherlands,1,2,1,4,Lost
CUST-00961,128,6,2074.51,UK,3,3,4,10,Potential Loyalists
CUST-00962,104,14,3414.82,Spain,3,5,5,13,Loyal Customers
CUST-00963,18,14,2820.89,UK,5,5,5,15,Champions
CUST-00964,32,10,2393.1,UK,5,4,4,13,Champions
CUST-00965,57,14,2808.83,Germany,4,5,5,14,Champions
CUST-00966,229,2,266.47,UK,2,2,2,6,Lost
CUST-00967,95,9,2427.99,UK,3,4,4,11,Loyal Customers
CUST-00968,124,7,1189.29,Germany,3,4,4,11,Loyal Customers
CUST-00969,391,2,78.66,UK,1,2,1,4,Lost
CUST-00970,500,1,100.21,Spain,1,1,1,3,Lost
CUST-00971,18,30,21996.62,UK,5,5,5,15,Champions
CUST-00972,155,7,712.76,Germany,3,4,3,10,Potential Loyalists
CUST-00973,114,7,796.17,UK,3,4,3,10,Potential Loyalists
CUST-00974,130,2,292.5,Spain,3,2,2,7,Needs Attention
CUST-00975,20,38,18765.42,UK,5,5,5,15,Champions
CUST-00976,173,5,775.48,UK,2,3,3,8,At Risk
CUST-00977,436,1,73.74,Spain,1,1,1,3,Lost
CUST-00978,248,3,159.94,UK,2,2,2,6,Lost
CUST-00979,146,7,1106.66,UK,3,4,3,10,Potential Loyalists
CUST-00980,141,6,614.03,Spain,3,3,3,9,Potential Loyalists
CUST-00981,80,10,2051.79,France,4,4,4,12,Champions
CUST-00982,31,1,111.8,Germany,5,1,1,7,New Customers
CUST-00983,134,10,1417.11,France,3,4,4,11,Loyal Customers
CUST-00984,258,7,1831.75,Germany,2,4,4,10,At Risk
CUST-00985,207,3,222.54,Spain,2,2,2,6,Lost
CUST-00986,120,5,1077.1,UK,3,3,3,9,Potential Loyalists
CUST-00987,4,37,9096.94,Germany,5,5,5,15,Champions
CUST-00988,217,4,710.76,Germany,2,3,3,8,At Risk
CUST-00989,18,43,26913.9,Germany,5,5,5,15,Champions
CUST-00990,174,4,816.96,UK,2,3,3,8,At Risk
CUST-00991,444,3,266.28,UK,1,2,2,5,Lost
CUST-00992,541,1,102.59,Germany,1,1,1,3,Lost
CUST-00993,32,23,8709.42,Germany,5,5,5,15,Champions
CUST-00994,37,32,23379.19,UK,5,5,5,15,Champions
CUST-00995,60,11,1044.86,UK,4,4,3,11,Loyal Customers
CUST-00996,255,1,174.41,Belgium,2,1,2,5,Lost
CUST-00997,62,9,1945.71,UK,4,4,4,12,Champions
CUST-00998,18,29,12646.27,France,5,5,5,15,Champions
CUST-00999,143,2,437.12,France,3,2,2,7,Needs Attention
CUST-01000,158,2,347.06,UK,3,2,2,7,Needs Attention
CUST-01001,160,4,751.53,Germany,3,3,3,9,Potential Loyalists
CUST-01002,178,6,837.34,UK,2,3,3,8,At Risk
CUST-01003,554,2,143.34,Germany,1,2,1,4,Lost
CUST-01004,83,5,581.95,France,4,3,3,10,Potential Loyalists
CUST-01005,102,4,325.05,Germany,3,3,2,8,Potential Loyalists
CUST-01006,97,4,875.97,Spain,3,3,3,9,Potential Loyalists
CUST-01007,70,2,244.63,UK,4,2,2,8,New Customers
CUST-01008,318,2,52.11,Netherlands,1,2,1,4,Lost
CUST-01009,31,28,21353.96,Germany,5,5,5,15,Champions
CUST-01010,78,12,2745.91,Netherlands,4,4,5,13,Champions
CUST-01011,447,3,243.71,UK,1,2,2,5,Lost
CUST-01012,126,7,1068.89,UK,3,4,3,10,Potential Loyalists
CUST-01013,39,11,2053.26,UK,5,4,4,13,Champions
CUST-01014,410,3,126.02,UK,1,2,1,4,Lost
CUST-01015,42,6,643.29,Spain,5,3,3,11,Loyal Customers
CUST-01016,171,14,3205.68,UK,2,5,5,12,At Risk
CUST-01017,109,2,428.87,UK,3,2,2,7,Needs Attention
CUST-01018,362,1,17.54,UK,1,1,1,3,Lost
CUST-01019,261,3,698.57,UK,2,2,3,7,Lost
CUST-01020,68,12,977.55,Germany,4,4,3,11,Loyal Customers
CUST-01021,245,6,1203.03,UK,2,3,4,9,At Risk
CUST-01022,187,5,1199.16,UK,2,3,4,9,At Risk
CUST-01023,132,6,1368.99,UK,3,3,4,10,Potential Loyalists
CUST-01024,46,14,2504.18,UK,4,5,4,13,Champions
CUST-01025,354,3,222.2,UK,1,2,2,5,Lost
CUST-01026,425,2,131.4,UK,1,2,1,4,Lost
CUST-01027,280,4,734.16,UK,1,3,3,7,At Risk
CUST-01028,94,11,2857.95,France,3,4,5,12,Loyal Customers
CUST-01029,214,1,18.5,UK,2,1,1,4,Lost
CUST-01030,69,1,140.32,UK,4,1,1,6,New Customers
CUST-01031,222,3,482.63,France,2,2,3,7,Lost
CUST-01032,412,3,302.98,Germany,1,2,2,5,Lost
CUST-01033,178,2,156.28,Spain,2,2,2,6,Lost
CUST-01034,233,2,86.34,France,2,2,1,5,Lost
CUST-01035,34,31,13811.6,UK,5,5,5,15,Champions
CUST-01036,534,1,100.35,UK,1,1,1,3,Lost
CUST-01037,228,2,122.25,UK,2,2,1,5,Lost
CUST-01038,253,4,805.9,UK,2,3,3,8,At Risk
CUST-01039,366,3,258.42,France,1,2,2,5,Lost
CUST-01040,147,5,951.81,Spain,3,3,3,9,Potential Loyalists
CUST-01041,421,2,81.27,UK,1,2,1,4,Lost
CUST-01042,50,7,794.86,UK,4,4,3,11,Loyal Customers
CUST-01043,93,11,3410.65,UK,3,4,5,12,Loyal Customers
CUST-01044,206,1,124.39,UK,2,1,1,4,Lost
CUST-01045,147,6,451.16,Germany,3,3,2,8,Potential Loyalists
CUST-01046,231,6,856.25,UK,2,3,3,8,At Risk
CUST-01047,73,13,3229.17,Germany,4,5,5,14,Champions
CUST-01048,41,11,2695.14,UK,5,4,5,14,Champions
CUST-01049,38,9,1772.42,UK,5,4,4,13,Champions
CUST-01050,74,9,2930.28,France,4,4,5,13,Champions
CUST-01051,154,1,119.21,France,3,1,1,5,Needs Attention
CUST-01052,42,10,2528.27,UK,5,4,4,13,Champions
CUST-01053,35,12,2056.67,France,5,4,4,13,Champions
CUST-01054,204,7,1670.8,Germany,2,4,4,10,At Risk
CUST-01055,10,30,11861.94,UK,5,5,5,15,Champions
CUST-01056,26,23,6587.11,UK,5,5,5,15,Champions
CUST-01057,166,2,326.59,UK,3,2,2,7,Needs Attention
CUST-01058,449,3,181.51,UK,1,2,2,5,Lost
CUST-01059,145,6,1328.72,UK,3,3,4,10,Potential Loyalists
CUST-01060,262,2,69.36,France,2,2,1,5,Lost
CUST-01061,269,1,127.84,UK,2,1,1,4,Lost
CUST-01062,85,6,491.86,UK,4,3,3,10,Potential Loyalists
CUST-01063,213,4,694.06,UK,2,3,3,8,At Risk
CUST-01064,94,8,1568.44,UK,3,4,4,11,Loyal Customers
CUST-01065,181,3,550.82,Spain,2,2,3,7,Lost
CUST-01066,373,2,220.27,UK,1,2,2,5,Lost
CUST-01067,291,3,847.19,UK,1,2,3,6,Lost
CUST-01068,56,14,3976.76,UK,4,5,5,14,Champions
CUST-01069,116,6,1164.9,UK,3,3,4,10,Potential Loyalists
CUST-01070,293,2,94.51,Belgium,1,2,1,4,Lost
CUST-01071,88,6,1389.43,Spain,4,3,4,11,Loyal Customers
CUST-01072,28,12,2731.16,UK,5,4,5,14,Champions
CUST-01073,71,14,3897.6,Spain,4,5,5,14,Champions
CUST-01074,216,6,1087.45,UK,2,3,3,8,At Risk
CUST-01075,47,10,1434.79,UK,4,4,4,12,Champions
CUST-01076,204,5,598.53,UK,2,3,3,8,At Risk
CUST-01077,47,13,2427.29,UK,4,5,4,13,Champions
CUST-01078,74,1,116.46,Germany,4,1,1,6,New Customers
CUST-01079,80,11,3361.21,UK,4,4,5,13,Champions
CUST-01080,355,1,25.05,Spain,1,1,1,3,Lost
CUST-01081,79,13,2916.91,UK,4,5,5,14,Champions
CUST-01082,100,10,1811.84,UK,3,4,4,11,Loyal Customers
CUST-01083,60,43,18814.28,UK,4,5,5,14,Champions
CUST-01084,71,12,1610.41,Netherlands,4,4,4,12,Champions
CUST-01085,114,7,820.88,UK,3,4,3,10,Potential Loyalists
CUST-01086,67,7,1141.01,UK,4,4,4,12,Champions
CUST-01087,411,2,83.97,UK,1,2,1,4,Lost
CUST-01088,159,2,278.53,UK,3,2,2,7,Needs Attention
CUST-01089,56,8,2172.08,Germany,4,4,4,12,Champions
CUST-01090,31,24,7263.3,UK,5,5,5,15,Champions
CUST-01091,48,1,148.48,Germany,4,1,2,7,New Customers
CUST-01092,137,7,579.89,UK,3,4,3,10,Potential Loyalists
CUST-01093,3,38,27885.62,UK,5,5,5,15,Champions
CUST-01094,217,7,1451.31,UK,2,4,4,10,At Risk
CUST-01095,141,1,71.39,Germany,3,1,1,5,Needs Attention
CUST-01096,111,2,160.08,Germany,3,2,2,7,Needs Attention
CUST-01097,421,2,174.51,France,1,2,2,5,Lost
CUST-01098,75,15,9371.09,France,4,5,5,14,Champions
CUST-01099,253,7,1039.99,Spain,2,4,3,9,At Risk
CUST-01100,162,6,1740.66,UK,3,3,4,10,Potential Loyalists
CUST-01101,231,5,1029.47,France,2,3,3,8,At Risk
CUST-01102,55,12,1163.45,UK,4,4,4,12,Champions
CUST-01103,37,12,2755.58,France,5,4,5,14,Champions
CUST-01104,139,5,878.32,UK,3,3,3,9,Potential Loyalists
CUST-01105,37,6,1733.28,France,5,3,4,12,Loyal Customers
CUST-01106,294,2,130.73,France,1,2,1,4,Lost
CUST-01107,100,2,338.61,UK,3,2,2,7,Needs Attention
CUST-01108,35,25,17611.36,UK,5,5,5,15,Champions
CUST-01109,346,3,523.92,UK,1,2,3,6,Lost
CUST-01110,255,3,338.25,UK,2,2,2,6,Lost
CUST-01111,382,3,166.27,Netherlands,1,2,2,5,Lost
CUST-01112,72,5,541.12,Netherlands,4,3,3,10,Potential Loyalists
CUST-01113,420,2,225.27,UK,1,2,2,5,Lost
CUST-01114,115,7,622.2,Spain,3,4,3,10,Potential Loyalists
CUST-01115,68,6,1379.27,France,4,3,4,11,Loyal Customers
CUST-01116,379,2,77.74,Netherlands,1,2,1,4,Lost
CUST-01117,217,4,593.91,UK,2,3,3,8,At Risk
CUST-01118,39,43,31719.86,UK,5,5,5,15,Champions
CUST-01119,2,47,29897.35,UK,5,5,5,15,Champions
CUST-01120,116,13,2031.07,Spain,3,5,4,12,Loyal Customers
CUST-01121,235,3,220.08,UK,2,2,2,6,Lost
CUST-01122,43,11,1820.94,UK,4,4,4,12,Champions
CUST-01123,100,5,710.45,UK,3,3,3,9,Potential Loyalists
CUST-01124,38,11,1517.57,UK,5,4,4,13,Champions
CUST-01125,6,37,27491.98,UK,5,5,5,15,Champions
CUST-01126,389,2,58.69,Spain,1,2,1,4,Lost
CUST-01127,161,6,1463.03,UK,3,3,4,10,Potential Loyalists
CUST-01128,206,5,1087.79,UK,2,3,3,8,At Risk
CUST-01129,338,1,59.95,Netherlands,1,1,1,3,Lost
CUST-01130,45,12,2635.3,UK,4,4,5,13,Champions
CUST-01131,19,13,1605.93,Germany,5,5,4,14,Champions
CUST-01132,32,2,378.06,UK,5,2,2,9,New Customers
CUST-01133,495,1,33.55,UK,1,1,1,3,Lost
CUST-01134,44,9,1198.11,UK,4,4,4,12,Champions
CUST-01135,17,9,1454.47,UK,5,4,4,13,Champions
CUST-01136,417,3,89.42,UK,1,2,1,4,Lost
CUST-01137,208,3,226.82,UK,2,2,2,6,Lost
CUST-01138,97,1,113.05,UK,3,1,1,5,Needs Attention
CUST-01139,241,4,573.86,UK,2,3,3,8,At Risk
CUST-01140,77,7,791.0,UK,4,4,3,11,Loyal Customers
CUST-01141,158,3,639.08,UK,3,2,3,8,Potential Loyalists
CUST-01142,132,2,328.61,UK,3,2,2,7,Needs Attention
CUST-01143,9,21,11804.65,Spain,5,5,5,15,Champions
CUST-01144,214,6,911.54,France,2,3,3,8,At Risk
CUST-01145,36,1,62.31,UK,5,1,1,7,New Customers
CUST-01146,58,14,2755.54,Germany,4,5,5,14,Champions
CUST-01147,102,6,1525.9,UK,3,3,4,10,Potential Loyalists
CUST-01148,117,6,1048.69,Netherlands,3,3,3,9,Potential Loyalists
CUST-01149,608,1,74.93,Belgium,1,1,1,3,Lost
CUST-01150,57,11,2125.47,Spain,4,4,4,12,Champions
CUST-01151,30,2,109.42,UK,5,2,1,8,New Customers
CUST-01152,326,3,134.44,Spain,1,2,1,4,Lost
CUST-01153,35,6,1845.37,Germany,5,3,4,12,Loyal Customers
CUST-01154,341,1,56.71,Germany,1,1,1,3,Lost
CUST-01155,57,13,1718.72,UK,4,5,4,13,Champions
CUST-01156,75,9,1231.45,France,4,4,4,12,Champions
CUST-01157,580,2,106.84,Netherlands,1,2,1,4,Lost
CUST-01158,113,2,85.51,UK,3,2,1,6,Needs Attention
CUST-01159,54,10,1227.46,UK,4,4,4,12,Champions
CUST-01160,49,19,8422.22,UK,4,5,5,14,Champions
CUST-01161,21,8,2340.14,UK,5,4,4,13,Champions
CUST-01162,181,1,108.68,France,2,1,1,4,Lost
CUST-01163,231,3,165.98,Germany,2,2,2,6,Lost
CUST-01164,17,35,23042.62,UK,5,5,5,15,Champions
CUST-01165,58,10,2239.88,UK,4,4,4,12,Champions
CUST-01166,63,13,2823.99,Germany,4,5,5,14,Champions
CUST-01167,76,4,703.18,UK,4,3,3,10,Potential Loyalists
CUST-01168,230,3,164.34,UK,2,2,2,6,Lost
CUST-01169,41,20,7414.14,UK,5,5,5,15,Champions
CUST-01170,179,5,1143.71,UK,2,3,4,9,At Risk
CUST-01171,57,1,98.3,Spain,4,1,1,6,New Customers
CUST-01172,210,3,743.25,UK,2,2,3,7,Lost
CUST-01173,37,1,78.7,UK,5,1,1,7,New Customers
CUST-01174,11,29,23150.89,Germany,5,5,5,15,Champions
CUST-01175,293,2,171.44,UK,1,2,2,5,Lost
CUST-01176,241,3,261.78,UK,2,2,2,6,Lost
CUST-01177,102,2,126.52,UK,3,2,1,6,Needs Attention
CUST-01178,142,7,1219.21,UK,3,4,4,11,Loyal Customers
CUST-01179,323,1,150.27,Germany,1,1,2,4,Lost
CUST-01180,144,1,154.34,Spain,3,1,2,6,Needs Attention
CUST-01181,141,4,636.85,UK,3,3,3,9,Potential Loyalists
CUST-01182,92,5,644.56,Netherlands,3,3,3,9,Potential Loyalists
CUST-01183,15,16,12765.62,UK,5,5,5,15,Champions
CUST-01184,152,6,1558.03,UK,3,3,4,10,Potential Loyalists
CUST-01185,110,2,110.21,Germany,3,2,1,6,Needs Attention
CUST-01186,498,1,51.84,Spain,1,1,1,3,Lost
CUST-01187,275,6,1000.26,UK,1,3,3,7,At Risk
CUST-01188,151,6,505.79,Belgium,3,3,3,9,Potential Loyalists
CUST-01189,332,1,57.32,UK,1,1,1,3,Lost
CUST-01190,84,10,1236.61,Belgium,4,4,4,12,Champions
CUST-01191,50,13,3760.78,France,4,5,5,14,Champions
CUST-01192,491,1,117.67,UK,1,1,1,3,Lost
CUST-01193,321,3,246.4,Germany,1,2,2,5,Lost
CUST-01194,96,7,1436.8,UK,3,4,4,11,Loyal Customers
CUST-01195,43,13,1043.4,Germany,4,5,3,12,Loyal Customers
CUST-01196,225,2,178.95,UK,2,2,2,6,Lost
CUST-01197,24,12,1778.24,France,5,4,4,13,Champions
CUST-01198,45,10,3245.56,UK,4,4,5,13,Champions
CUST-01199,274,2,159.07,UK,1,2,2,5,Lost
CUST-01200,107,11,3337.49,UK,3,4,5,12,Loyal Customers
CUST-01201,95,3,448.16,UK,3,2,2,7,Needs Attention
CUST-01202,198,6,504.41,Germany,2,3,3,8,At Risk
CUST-01203,78,3,238.32,France,4,2,2,8,New Customers
CUST-01204,133,12,3124.25,France,3,4,5,12,Loyal Customers
CUST-01205,283,1,65.45,UK,1,1,1,3,Lost
CUST-01206,24,37,8770.94,UK,5,5,5,15,Champions
CUST-01207,45,34,9052.19,UK,4,5,5,14,Champions
CUST-01208,165,1,233.85,UK,3,1,2,6,Needs Attention
CUST-01209,175,8,1252.89,UK,2,4,4,10,At Risk
CUST-01210,479,1,26.31,UK,1,1,1,3,Lost
CUST-01211,346,3,193.84,UK,1,2,2,5,Lost
CUST-01212,87,2,315.77,France,4,2,2,8,New Customers
CUST-01213,27,6,1183.53,Spain,5,3,4,12,Loyal Customers
CUST-01214,335,3,500.32,UK,1,2,3,6,Lost
CUST-01215,21,37,11750.25,UK,5,5,5,15,Champions
CUST-01216,45,9,1441.26,France,4,4,4,12,Champions
CUST-01217,538,1,92.09,France,1,1,1,3,Lost
CUST-01218,177,7,1389.28,UK,2,4,4,10,At Risk
CUST-01219,248,2,86.75,UK,2,2,1,5,Lost
CUST-01220,333,2,168.18,UK,1,2,2,5,Lost
CUST-01221,30,1,93.82,UK,5,1,1,7,New Customers
CUST-01222,48,13,3221.84,Germany,4,5,5,14,Champions
CUST-01223,41,9,2506.71,Germany,5,4,4,13,Champions
CUST-01224,353,3,221.17,UK,1,2,2,5,Lost
CUST-01225,21,46,17584.87,UK,5,5,5,15,Champions
CUST-01226,348,3,220.1,UK,1,2,2,5,Lost
CUST-01227,273,1,234.43,UK,2,1,2,5,Lost
CUST-01228,448,2,172.2,Germany,1,2,2,5,Lost
CUST-01229,46,6,1235.95,France,4,3,4,11,Loyal Customers
CUST-01230,29,14,1433.94,UK,5,5,4,14,Champions
CUST-01231,346,3,160.45,Spain,1,2,2,5,Lost
CUST-01232,73,9,1363.15,Netherlands,4,4,4,12,Champions
CUST-01233,54,7,1274.98,Netherlands,4,4,4,12,Champions
CUST-01234,233,2,543.81,France,2,2,3,7,Lost
CUST-01235,412,1,31.87,UK,1,1,1,3,Lost
CUST-01236,171,6,1979.96,UK,2,3,4,9,At Risk
CUST-01237,56,7,1920.38,UK,4,4,4,12,Champions
CUST-01238,138,3,653.98,Spain,3,2,3,8,Potential Loyalists
CUST-01239,224,7,672.65,UK,2,4,3,9,At Risk
CUST-01240,206,5,538.11,Netherlands,2,3,3,8,At Risk
CUST-01241,39,45,9013.37,Germany,5,5,5,15,Champions
CUST-01242,58,14,3507.44,Germany,4,5,5,14,Champions
CUST-01243,322,1,67.48,UK,1,1,1,3,Lost
CUST-01244,86,11,2338.6,UK,4,4,4,12,Champions
CUST-01245,98,7,942.08,UK,3,4,3,10,Potential Loyalists
CUST-01246,288,3,383.76,Spain,1,2,2,5,Lost
CUST-01247,88,6,1101.67,UK,4,3,3,10,Potential Loyalists
CUST-01248,413,1,76.66,Netherlands,1,1,1,3,Lost
CUST-01249,202,1,107.56,France,2,1,1,4,Lost
CUST-01250,262,5,449.87,UK,2,3,2,7,Needs Attention
CUST-01251,100,2,102.68,Germany,3,2,1,6,Needs Attention
CUST-01252,47,2,318.87,UK,4,2,2,8,New Customers
CUST-01253,147,6,1217.86,UK,3,3,4,10,Potential Loyalists
CUST-01254,514,2,137.39,Netherlands,1,2,1,4,Lost
CUST-01255,455,2,115.95,UK,1,2,1,4,Lost
CUST-01256,49,22,16021.21,UK,4,5,5,14,Champions
CUST-01257,30,14,2386.63,Germany,5,5,4,14,Champions
CUST-01258,68,7,1459.87,Germany,4,4,4,12,Champions
CUST-01259,82,7,1815.55,UK,4,4,4,12,Champions
CUST-01260,22,34,9022.26,UK,5,5,5,15,Champions
CUST-01261,22,27,12767.68,UK,5,5,5,15,Champions
CUST-01262,16,48,35126.96,France,5,5,5,15,Champions
CUST-01263,72,13,2126.97,Netherlands,4,5,4,13,Champions
CUST-01264,96,7,487.33,Spain,3,4,3,10,Potential Loyalists
CUST-01265,56,2,532.83,UK,4,2,3,9,New Customers
CUST-01266,151,4,1003.69,France,3,3,3,9,Potential Loyalists
CUST-01267,174,3,506.86,UK,2,2,3,7,Lost
CUST-01268,150,4,665.93,UK,3,3,3,9,Potential Loyalists
CUST-01269,60,8,1831.65,Netherlands,4,4,4,12,Champions
CUST-01270,270,2,130.73,UK,2,2,1,5,Lost
CUST-01271,258,1,77.15,UK,2,1,1,4,Lost
CUST-01272,39,13,1732.08,UK,5,5,4,14,Champions
CUST-01273,53,7,1094.01,UK,4,4,3,11,Loyal Customers
CUST-01274,157,2,260.98,Spain,3,2,2,7,Needs Attention
CUST-01275,60,7,1436.65,Spain,4,4,4,12,Champions
CUST-01276,25,9,1659.74,UK,5,4,4,13,Champions
CUST-01277,103,7,1406.33,UK,3,4,4,11,Loyal Customers
CUST-01278,59,13,1737.45,UK,4,5,4,13,Champions
CUST-01279,125,6,413.48,UK,3,3,2,8,Potential Loyalists
CUST-01280,98,8,2012.59,France,3,4,4,11,Loyal Customers
CUST-01281,92,4,442.3,UK,3,3,2,8,Potential Loyalists
CUST-01282,45,11,1989.4,Netherlands,4,4,4,12,Champions
CUST-01283,136,7,1147.42,UK,3,4,4,11,Loyal Customers
CUST-01284,52,6,596.14,UK,4,3,3,10,Potential Loyalists
CUST-01285,327,2,137.11,UK,1,2,1,4,Lost
CUST-01286,227,4,632.78,Spain,2,3,3,8,At Risk
CUST-01287,89,2,170.94,UK,4,2,2,8,New Customers
CUST-01288,228,3,151.41,UK,2,2,2,6,Lost
CUST-01289,219,1,109.78,UK,2,1,1,4,Lost
CUST-01290,43,30,16760.4,France,4,5,5,14,Champions
CUST-01291,34,32,12433.35,France,5,5,5,15,Champions
CUST-01292,342,1,64.44,Netherlands,1,1,1,3,Lost
CUST-01293,254,3,332.15,UK,2,2,2,6,Lost
CUST-01294,92,7,1245.69,Germany,3,4,4,11,Loyal Customers
CUST-01295,238,5,435.95,UK,2,3,2,7,Needs Attention
CUST-01296,31,32,11131.94,UK,5,5,5,15,Champions
CUST-01297,105,1,31.56,UK,3,1,1,5,Needs Attention
CUST-01298,17,30,20810.18,Germany,5,5,5,15,Champions
CUST-01299,349,1,104.79,Germany,1,1,1,3,Lost
CUST-01300,198,1,100.6,Spain,2,1,1,4,Lost
CUST-01301,73,6,723.26,UK,4,3,3,10,Potential Loyalists
CUST-01302,464,2,129.34,Germany,1,2,1,4,Lost
CUST-01303,30,13,2424.65,Germany,5,5,4,14,Champions
CUST-01304,42,6,1372.77,UK,5,3,4,12,Loyal Customers
CUST-01305,298,5,495.26,UK,1,3,3,7,At Risk
CUST-01306,468,1,81.38,UK,1,1,1,3,Lost
CUST-01307,44,1,77.88,UK,4,1,1,6,New Customers
CUST-01308,36,9,2134.57,Spain,5,4,4,13,Champions
CUST-01309,86,2,356.1,Belgium,4,2,2,8,New Customers
CUST-01310,101,1,121.05,Germany,3,1,1,5,Needs Attention
CUST-01311,128,2,348.93,France,3,2,2,7,Needs Attention
CUST-01312,71,10,1129.7,Germany,4,4,3,11,Loyal Customers
CUST-01313,22,29,18020.69,France,5,5,5,15,Champions
CUST-01314,199,3,355.91,UK,2,2,2,6,Lost
CUST-01315,264,3,187.29,UK,2,2,2,6,Lost
CUST-01316,43,27,9304.07,France,4,5,5,14,Champions
CUST-01317,408,1,91.21,Germany,1,1,1,3,Lost
CUST-01318,121,2,170.31,Germany,3,2,2,7,Needs Attention
CUST-01319,33,30,13732.67,UK,5,5,5,15,Champions
CUST-01320,309,2,187.88,UK,1,2,2,5,Lost
CUST-01321,19,46,11936.67,UK,5,5,5,15,Champions
CUST-01322,370,3,210.96,UK,1,2,2,5,Lost
CUST-01323,10,40,19851.99,Germany,5,5,5,15,Champions
CUST-01324,21,16,8511.44,Germany,5,5,5,15,Champions
CUST-01325,251,3,610.55,Netherlands,2,2,3,7,Lost
CUST-01326,111,6,963.26,UK,3,3,3,9,Potential Loyalists
CUST-01327,206,3,329.38,UK,2,2,2,6,Lost
CUST-01328,44,10,1210.74,UK,4,4,4,12,Champions
CUST-01329,15,16,5149.2,Netherlands,5,5,5,15,Champions
CUST-01330,190,1,58.0,France,2,1,1,4,Lost
CUST-01331,57,14,3342.44,UK,4,5,5,14,Champions
CUST-01332,58,14,4011.0,UK,4,5,5,14,Champions
CUST-01333,325,2,117.85,UK,1,2,1,4,Lost
CUST-01334,36,6,1530.86,UK,5,3,4,12,Loyal Customers
CUST-01335,409,3,164.02,UK,1,2,2,5,Lost
CUST-01336,355,2,170.75,UK,1,2,2,5,Lost
CUST-01337,68,2,369.74,France,4,2,2,8,New Customers
CUST-01338,8,36,28389.6,UK,5,5,5,15,Champions
CUST-01339,53,7,2106.72,UK,4,4,4,12,Champions
CUST-01340,33,20,11300.88,UK,5,5,5,15,Champions
CUST-01341,146,7,1306.89,Germany,3,4,4,11,Loyal Customers
CUST-01342,31,16,11662.24,France,5,5,5,15,Champions
CUST-01343,189,6,923.56,UK,2,3,3,8,At Risk
CUST-01344,197,7,930.87,UK,2,4,3,9,At Risk
CUST-01345,185,1,282.32,Germany,2,1,2,5,Lost
CUST-01346,95,4,1058.69,UK,3,3,3,9,Potential Loyalists
CUST-01347,118,6,1052.25,UK,3,3,3,9,Potential Loyalists
CUST-01348,79,2,149.75,UK,4,2,2,8,New Customers
CUST-01349,163,5,599.96,UK,3,3,3,9,Potential Loyalists
CUST-01350,250,3,365.07,Germany,2,2,2,6,Lost
CUST-01351,280,3,143.01,UK,1,2,1,4,Lost
CUST-01352,271,1,205.04,UK,2,1,2,5,Lost
CUST-01353,234,6,870.55,UK,2,3,3,8,At Risk
CUST-01354,439,3,147.34,France,1,2,1,4,Lost
CUST-01355,83,1,173.11,UK,4,1,2,7,New Customers
CUST-01356,68,12,3191.64,Germany,4,4,5,13,Champions
CUST-01357,247,1,169.15,UK,2,1,2,5,Lost
CUST-01358,87,4,342.66,Germany,4,3,2,9,Potential Loyalists
CUST-01359,429,3,188.53,Germany,1,2,2,5,Lost
CUST-01360,81,6,1079.1,UK,4,3,3,10,Potential Loyalists
CUST-01361,83,8,1822.96,Spain,4,4,4,12,Champions
CUST-01362,294,3,454.91,UK,1,2,2,5,Lost
CUST-01363,30,31,14056.14,UK,5,5,5,15,Champions
CUST-01364,13,47,22206.86,UK,5,5,5,15,Champions
CUST-01365,416,2,119.09,UK,1,2,1,4,Lost
CUST-01366,271,6,888.65,Germany,2,3,3,8,At Risk
CUST-01367,86,6,689.22,UK,4,3,3,10,Potential Loyalists
CUST-01368,163,7,627.59,UK,3,4,3,10,Potential Loyalists
CUST-01369,7,45,30237.35,Spain,5,5,5,15,Champions
CUST-01370,40,6,2046.64,France,5,3,4,12,Loyal Customers
CUST-01371,160,5,1384.75,UK,3,3,4,10,Potential Loyalists
CUST-01372,43,1,245.66,UK,4,1,2,7,New Customers
CUST-01373,25,18,10511.78,UK,5,5,5,15,Champions
CUST-01374,438,1,118.85,UK,1,1,1,3,Lost
CUST-01375,52,2,127.24,UK,4,2,1,7,New Customers
CUST-01376,68,10,1211.33,Germany,4,4,4,12,Champions
CUST-01377,403,3,84.76,UK,1,2,1,4,Lost
CUST-01378,28,36,18290.78,Germany,5,5,5,15,Champions
CUST-01379,8,17,3828.22,UK,5,5,5,15,Champions
CUST-01380,104,7,1280.71,UK,3,4,4,11,Loyal Customers
CUST-01381,56,30,11764.87,UK,4,5,5,14,Champions
CUST-01382,12,40,23055.47,UK,5,5,5,15,Champions
CUST-01383,78,7,1392.43,UK,4,4,4,12,Champions
CUST-01384,416,1,107.69,Spain,1,1,1,3,Lost
CUST-01385,144,4,815.92,UK,3,3,3,9,Potential Loyalists
CUST-01386,48,8,1718.46,France,4,4,4,12,Champions
CUST-01387,85,8,2229.06,Netherlands,4,4,4,12,Champions
CUST-01388,55,7,1932.42,UK,4,4,4,12,Champions
CUST-01389,286,1,43.23,UK,1,1,1,3,Lost
CUST-01390,47,14,4031.59,Germany,4,5,5,14,Champions
CUST-01391,216,1,249.88,Germany,2,1,2,5,Lost
CUST-01392,268,1,56.74,UK,2,1,1,4,Lost
CUST-01393,375,1,28.33,UK,1,1,1,3,Lost
CUST-01394,40,40,28128.51,France,5,5,5,15,Champions
CUST-01395,213,7,1262.58,Germany,2,4,4,10,At Risk
CUST-01396,29,34,11648.21,Germany,5,5,5,15,Champions
CUST-01397,15,45,30785.29,UK,5,5,5,15,Champions
CUST-01398,170,5,942.66,UK,2,3,3,8,At Risk
CUST-01399,71,7,1283.96,UK,4,4,4,12,Champions
CUST-01400,250,1,71.44,UK,2,1,1,4,Lost
CUST-01401,26,44,37277.53,UK,5,5,5,15,Champions
CUST-01402,143,3,350.34,Germany,3,2,2,7,Needs Attention
CUST-01403,84,8,2493.13,UK,4,4,4,12,Champions
CUST-01404,210,1,82.84,Belgium,2,1,1,4,Lost
CUST-01405,477,2,97.28,UK,1,2,1,4,Lost
CUST-01406,76,14,3218.07,France,4,5,5,14,Champions
CUST-01407,73,1,89.39,UK,4,1,1,6,New Customers
CUST-01408,32,17,7160.86,Netherlands,5,5,5,15,Champions
CUST-01409,73,7,1068.57,UK,4,4,3,11,Loyal Customers
CUST-01410,165,5,840.36,Spain,3,3,3,9,Potential Loyalists
CUST-01411,138,2,450.32,UK,3,2,2,7,Needs Attention
CUST-01412,413,1,148.78,France,1,1,2,4,Lost
CUST-01413,239,2,200.39,Netherlands,2,2,2,6,Lost
CUST-01414,314,1,122.87,France,1,1,1,3,Lost
CUST-01415,66,1,56.09,UK,4,1,1,6,New Customers
CUST-01416,88,2,223.03,UK,4,2,2,8,New Customers
CUST-01417,106,12,2029.98,France,3,4,4,11,Loyal Customers
CUST-01418,20,33,12713.76,Belgium,5,5,5,15,Champions
CUST-01419,177,7,937.69,UK,2,4,3,9,At Risk
CUST-01420,347,3,721.57,UK,1,2,3,6,Lost
CUST-01421,194,5,569.58,Germany,2,3,3,8,At Risk
CUST-01422,43,2,297.32,UK,4,2,2,8,New Customers
CUST-01423,35,14,2800.91,UK,5,5,5,15,Champions
CUST-01424,116,6,1618.28,Spain,3,3,4,10,Potential Loyalists
CUST-01425,73,6,1432.19,UK,4,3,4,11,Loyal Customers
CUST-01426,157,3,450.39,Germany,3,2,2,7,Needs Attention
CUST-01427,71,6,799.25,UK,4,3,3,10,Potential Loyalists
CUST-01428,144,4,718.51,Netherlands,3,3,3,9,Potential Loyalists
CUST-01429,21,23,12628.93,Germany,5,5,5,15,Champions
CUST-01430,199,1,71.37,UK,2,1,1,4,Lost
CUST-01431,281,3,296.25,UK,1,2,2,5,Lost
CUST-01432,126,4,462.17,UK,3,3,2,8,Potential Loyalists
CUST-01433,185,3,499.4,Germany,2,2,3,7,Lost
CUST-01434,49,14,2887.26,Belgium,4,5,5,14,Champions
CUST-01435,26,29,16773.4,Spain,5,5,5,15,Champions
CUST-01436,155,7,963.34,UK,3,4,3,10,Potential Loyalists
CUST-01437,325,3,194.32,France,1,2,2,5,Lost
CUST-01438,137,6,1385.9,Germany,3,3,4,10,Potential Loyalists
CUST-01439,198,6,1043.16,France,2,3,3,8,At Risk
CUST-01440,243,1,88.63,UK,2,1,1,4,Lost
CUST-01441,107,8,2007.27,UK,3,4,4,11,Loyal Customers
CUST-01442,351,1,32.36,Germany,1,1,1,3,Lost
CUST-01443,490,3,330.56,UK,1,2,2,5,Lost
CUST-01444,54,7,1622.19,UK,4,4,4,12,Champions
CUST-01445,274,6,627.51,UK,1,3,3,7,At Risk
CUST-01446,175,4,591.4,UK,2,3,3,8,At Risk
CUST-01447,199,6,580.44,UK,2,3,3,8,At Risk
CUST-01448,183,6,970.88,Spain,2,3,3,8,At Risk
CUST-01449,213,1,127.63,UK,2,1,1,4,Lost
CUST-01450,191,7,1286.77,Germany,2,4,4,10,At Risk
CUST-01451,110,7,691.85,Germany,3,4,3,10,Potential Loyalists
CUST-01452,160,5,1084.73,Netherlands,3,3,3,9,Potential Loyalists
CUST-01453,207,6,1142.51,Germany,2,3,4,9,At Risk
CUST-01454,46,1,193.87,UK,4,1,2,7,New Customers
CUST-01455,53,9,3072.33,Germany,4,4,5,13,Champions
CUST-01456,170,1,78.43,Germany,2,1,1,4,Lost
CUST-01457,12,23,5019.67,Germany,5,5,5,15,Champions
CUST-01458,241,2,120.16,UK,2,2,1,5,Lost
CUST-01459,423,1,62.92,UK,1,1,1,3,Lost
CUST-01460,56,11,1330.8,France,4,4,4,12,Champions
CUST-01461,157,4,943.88,UK,3,3,3,9,Potential Loyalists
CUST-01462,122,6,1034.77,UK,3,3,3,9,Potential Loyalists
CUST-01463,8,2,512.21,Germany,5,2,3,10,New Customers
CUST-01464,532,1,79.39,Germany,1,1,1,3,Lost
CUST-01465,47,2,310.34,UK,4,2,2,8,New Customers
CUST-01466,94,14,3456.14,UK,3,5,5,13,Loyal Customers
CUST-01467,23,29,9388.41,Netherlands,5,5,5,15,Champions
CUST-01468,383,2,125.31,UK,1,2,1,4,Lost
CUST-01469,427,3,215.18,Germany,1,2,2,5,Lost
CUST-01470,97,9,1636.77,Spain,3,4,4,11,Loyal Customers
CUST-01471,541,1,121.1,UK,1,1,1,3,Lost
CUST-01472,100,5,515.51,UK,3,3,3,9,Potential Loyalists
CUST-01473,589,2,122.89,France,1,2,1,4,Lost
CUST-01474,14,30,18116.15,UK,5,5,5,15,Champions
CUST-01475,128,11,1795.09,Belgium,3,4,4,11,Loyal Customers
CUST-01476,235,2,144.43,Germany,2,2,1,5,Lost
CUST-01477,314,2,184.24,UK,1,2,2,5,Lost
CUST-01478,197,6,972.33,UK,2,3,3,8,At Risk
CUST-01479,204,4,450.73,UK,2,3,2,7,Needs Attention
CUST-01480,25,20,6705.17,Germany,5,5,5,15,Champions
CUST-01481,21,22,5364.44,Germany,5,5,5,15,Champions
CUST-01482,380,2,124.94,Germany,1,2,1,4,Lost
CUST-01483,180,6,589.92,UK,2,3,3,8,At Risk
CUST-01484,396,3,323.66,UK,1,2,2,5,Lost
CUST-01485,262,3,255.96,Spain,2,2,2,6,Lost
CUST-01486,14,28,8202.27,Spain,5,5,5,15,Champions
CUST-01487,245,3,548.34,Germany,2,2,3,7,Lost
CUST-01488,63,11,3436.99,Germany,4,4,5,13,Champions
CUST-01489,300,1,20.41,UK,1,1,1,3,Lost
CUST-01490,8,38,15114.06,Germany,5,5,5,15,Champions
CUST-01491,263,3,274.21,UK,2,2,2,6,Lost
CUST-01492,66,7,1123.09,Germany,4,4,3,11,Loyal Customers
CUST-01493,287,1,99.21,Germany,1,1,1,3,Lost
CUST-01494,171,3,441.42,Spain,2,2,2,6,Lost
CUST-01495,34,20,6609.93,UK,5,5,5,15,Champions
CUST-01496,36,22,7123.89,UK,5,5,5,15,Champions
CUST-01497,185,1,37.86,UK,2,1,1,4,Lost
CUST-01498,52,10,2279.86,UK,4,4,4,12,Champions
CUST-01499,69,11,2562.29,Spain,4,4,4,12,Champions
CUST-01500,134,7,1564.08,Netherlands,3,4,4,11,Loyal Customers
CUST-01501,74,6,1347.26,Spain,4,3,4,11,Loyal Customers
CUST-01502,427,3,155.43,UK,1,2,2,5,Lost
CUST-01503,44,11,1566.42,UK,4,4,4,12,Champions
CUST-01504,46,6,1179.43,UK,4,3,4,11,Loyal Customers
CUST-01505,147,3,688.31,Germany,3,2,3,8,Potential Loyalists
CUST-01506,379,3,434.64,UK,1,2,2,5,Lost
CUST-01507,425,2,111.6,UK,1,2,1,4,Lost
CUST-01508,68,11,1279.94,Germany,4,4,4,12,Champions
CUST-01509,47,8,2149.03,Netherlands,4,4,4,12,Champions
CUST-01510,9,29,5908.12,Germany,5,5,5,15,Champions
CUST-01511,124,7,1429.45,UK,3,4,4,11,Loyal Customers
CUST-01512,31,38,26201.37,UK,5,5,5,15,Champions
CUST-01513,26,14,3504.8,Germany,5,5,5,15,Champions
CUST-01514,76,13,3832.24,UK,4,5,5,14,Champions
CUST-01515,38,8,1558.69,Germany,5,4,4,13,Champions
CUST-01516,64,1,145.44,UK,4,1,1,6,New Customers
CUST-01517,57,14,3698.57,Spain,4,5,5,14,Champions
CUST-01518,277,3,182.37,Belgium,1,2,2,5,Lost
CUST-01519,14,43,26258.39,UK,5,5,5,15,Champions
CUST-01520,191,6,1356.12,UK,2,3,4,9,At Risk
CUST-01521,48,35,8923.66,UK,4,5,5,14,Champions
CUST-01522,49,10,2697.91,UK,4,4,5,13,Champions
CUST-01523,521,2,156.79,UK,1,2,2,5,Lost
CUST-01524,33,40,22434.1,UK,5,5,5,15,Champions
CUST-01525,282,1,198.16,Netherlands,1,1,2,4,Lost
CUST-01526,101,9,1652.03,Spain,3,4,4,11,Loyal Customers
CUST-01527,222,5,1033.29,UK,2,3,3,8,At Risk
CUST-01528,263,4,946.48,UK,2,3,3,8,At Risk
CUST-01529,11,30,17195.13,Belgium,5,5,5,15,Champions
CUST-01530,182,5,391.51,UK,2,3,2,7,Needs Attention
CUST-01531,198,4,458.33,France,2,3,2,7,Needs Attention
CUST-01532,40,28,13739.66,Germany,5,5,5,15,Champions
CUST-01533,35,17,11977.91,Spain,5,5,5,15,Champions
CUST-01534,276,1,130.4,UK,1,1,1,3,Lost
CUST-01535,218,1,119.97,UK,2,1,1,4,Lost
CUST-01536,89,13,3303.83,Spain,4,5,5,14,Champions
CUST-01537,103,6,860.94,UK,3,3,3,9,Potential Loyalists
CUST-01538,78,13,3294.48,UK,4,5,5,14,Champions
CUST-01539,137,4,1177.9,France,3,3,4,10,Potential Loyalists
CUST-01540,124,7,2112.16,UK,3,4,4,11,Loyal Customers
CUST-01541,553,1,121.04,Germany,1,1,1,3,Lost
CUST-01542,187,7,1611.08,Germany,2,4,4,10,At Risk
CUST-01543,30,18,3753.45,Netherlands,5,5,5,15,Champions
CUST-01544,274,3,363.99,UK,1,2,2,5,Lost
CUST-01545,200,1,119.59,France,2,1,1,4,Lost
CUST-01546,39,2,186.35,Netherlands,5,2,2,9,New Customers
CUST-01547,576,1,33.46,UK,1,1,1,3,Lost
CUST-01548,69,11,3052.27,UK,4,4,5,13,Champions
CUST-01549,111,2,222.46,France,3,2,2,7,Needs Attention
CUST-01550,158,6,944.41,UK,3,3,3,9,Potential Loyalists
CUST-01551,3,29,10623.56,Germany,5,5,5,15,Champions
CUST-01552,336,2,200.76,UK,1,2,2,5,Lost
CUST-01553,95,2,132.72,Germany,3,2,1,6,Needs Attention
CUST-01554,161,7,1326.93,UK,3,4,4,11,Loyal Customers
CUST-01555,49,12,1508.29,UK,4,4,4,12,Champions
CUST-01556,584,1,45.62,UK,1,1,1,3,Lost
CUST-01557,23,15,7060.09,UK,5,5,5,15,Champions
CUST-01558,349,3,681.59,France,1,2,3,6,Lost
CUST-01559,92,6,821.3,UK,3,3,3,9,Potential Loyalists
CUST-01560,199,6,836.74,UK,2,3,3,8,At Risk
CUST-01561,56,11,1501.56,UK,4,4,4,12,Champions
CUST-01562,20,32,8826.92,Spain,5,5,5,15,Champions
CUST-01563,430,1,17.93,Belgium,1,1,1,3,Lost
CUST-01564,69,6,960.59,UK,4,3,3,10,Potential Loyalists
CUST-01565,84,1,208.2,UK,4,1,2,7,New Customers
CUST-01566,60,7,1825.92,Netherlands,4,4,4,12,Champions
CUST-01567,3,44,13292.53,UK,5,5,5,15,Champions
CUST-01568,40,11,1428.38,UK,5,4,4,13,Champions
CUST-01569,412,1,84.58,UK,1,1,1,3,Lost
CUST-01570,219,4,558.45,France,2,3,3,8,At Risk
CUST-01571,68,9,2477.92,UK,4,4,4,12,Champions
CUST-01572,541,1,34.04,UK,1,1,1,3,Lost
CUST-01573,23,47,10548.47,UK,5,5,5,15,Champions
CUST-01574,133,6,965.4,UK,3,3,3,9,Potential Loyalists
CUST-01575,203,1,203.29,UK,2,1,2,5,Lost
CUST-01576,379,3,165.87,UK,1,2,2,5,Lost
CUST-01577,143,3,388.04,UK,3,2,2,7,Needs Attention
CUST-01578,240,6,1633.08,UK,2,3,4,9,At Risk
CUST-01579,110,5,554.39,UK,3,3,3,9,Potential Loyalists
CUST-01580,170,4,746.03,UK,2,3,3,8,At Risk
CUST-01581,154,7,1261.98,UK,3,4,4,11,Loyal Customers
CUST-01582,134,14,4134.66,UK,3,5,5,13,Loyal Customers
CUST-01583,102,9,1093.09,Germany,3,4,3,10,Potential Loyalists
CUST-01584,223,7,1328.42,Germany,2,4,4,10,At Risk
CUST-01585,256,3,122.5,UK,2,2,1,5,Lost
CUST-01586,19,10,2483.78,Spain,5,4,4,13,Champions
CUST-01587,204,5,1223.27,Germany,2,3,4,9,At Risk
CUST-01588,310,1,48.59,UK,1,1,1,3,Lost
CUST-01589,117,6,762.62,UK,3,3,3,9,Potential Loyalists
CUST-01590,553,1,29.23,Germany,1,1,1,3,Lost
CUST-01591,189,4,533.68,Germany,2,3,3,8,At Risk
CUST-01592,172,6,1058.53,Germany,2,3,3,8,At Risk
CUST-01593,5,24,14071.9,UK,5,5,5,15,Champions
CUST-01594,68,11,2509.61,UK,4,4,4,12,Champions
CUST-01595,377,2,240.66,UK,1,2,2,5,Lost
CUST-01596,91,8,1965.05,UK,3,4,4,11,Loyal Customers
CUST-01597,18,14,1637.83,Germany,5,5,4,14,Champions
CUST-01598,159,7,1721.34,UK,3,4,4,11,Loyal Customers
CUST-01599,210,6,629.1,UK,2,3,3,8,At Risk
CUST-01600,116,5,1227.36,Netherlands,3,3,4,10,Potential Loyalists
CUST-01601,68,6,876.86,Germany,4,3,3,10,Potential Loyalists
CUST-01602,434,2,106.33,UK,1,2,1,4,Lost
CUST-01603,41,8,1954.35,UK,5,4,4,13,Champions
CUST-01604,449,1,31.05,UK,1,1,1,3,Lost
CUST-01605,73,14,1465.89,UK,4,5,4,13,Champions
CUST-01606,154,7,968.45,UK,3,4,3,10,Potential Loyalists
CUST-01607,26,47,34654.67,Germany,5,5,5,15,Champions
CUST-01608,79,1,70.28,Germany,4,1,1,6,New Customers
CUST-01609,126,7,841.33,Germany,3,4,3,10,Potential Loyalists
CUST-01610,9,45,32529.56,Germany,5,5,5,15,Champions
CUST-01611,222,5,446.23,UK,2,3,2,7,Needs Attention
CUST-01612,376,2,139.42,France,1,2,1,4,Lost
CUST-01613,74,8,1655.29,UK,4,4,4,12,Champions
CUST-01614,201,4,316.59,UK,2,3,2,7,Needs Attention
CUST-01615,9,36,26261.63,Germany,5,5,5,15,Champions
CUST-01616,27,6,1835.91,UK,5,3,4,12,Loyal Customers
CUST-01617,47,8,2107.07,UK,4,4,4,12,Champions
CUST-01618,149,7,638.55,UK,3,4,3,10,Potential Loyalists
CUST-01619,157,6,652.91,UK,3,3,3,9,Potential Loyalists
CUST-01620,89,7,1092.15,UK,4,4,3,11,Loyal Customers
CUST-01621,46,18,13703.4,Germany,4,5,5,14,Champions
CUST-01622,251,4,798.36,UK,2,3,3,8,At Risk
CUST-01623,277,1,33.39,UK,1,1,1,3,Lost
CUST-01624,405,2,160.44,UK,1,2,2,5,Lost
CUST-01625,213,3,131.39,Netherlands,2,2,1,5,Lost
CUST-01626,279,3,386.12,UK,1,2,2,5,Lost
CUST-01627,34,17,10370.44,UK,5,5,5,15,Champions
CUST-01628,466,2,74.0,UK,1,2,1,4,Lost
CUST-01629,55,12,2036.45,Spain,4,4,4,12,Champions
CUST-01630,27,39,10381.58,UK,5,5,5,15,Champions
CUST-01631,20,29,19394.51,UK,5,5,5,15,Champions
CUST-01632,160,4,406.91,UK,3,3,2,8,Potential Loyalists
CUST-01633,212,2,138.7,France,2,2,1,5,Lost
CUST-01634,207,2,334.95,Belgium,2,2,2,6,Lost
CUST-01635,457,1,41.55,Netherlands,1,1,1,3,Lost
CUST-01636,158,1,101.42,Germany,3,1,1,5,Needs Attention
CUST-01637,138,6,898.06,UK,3,3,3,9,Potential Loyalists
CUST-01638,55,14,2262.28,UK,4,5,4,13,Champions
CUST-01639,91,1,147.99,Germany,3,1,2,6,Needs Attention
CUST-01640,498,1,36.57,UK,1,1,1,3,Lost
CUST-01641,8,49,9940.19,Spain,5,5,5,15,Champions
CUST-01642,26,18,11163.63,UK,5,5,5,15,Champions
CUST-01643,188,3,632.82,UK,2,2,3,7,Lost
CUST-01644,66,11,2169.24,Spain,4,4,4,12,Champions
CUST-01645,199,2,542.08,UK,2,2,3,7,Lost
CUST-01646,471,1,34.45,Germany,1,1,1,3,Lost
CUST-01647,10,32,14219.34,UK,5,5,5,15,Champions
CUST-01648,190,2,152.38,UK,2,2,2,6,Lost
CUST-01649,27,49,10915.16,UK,5,5,5,15,Champions
CUST-01650,372,2,176.03,UK,1,2,2,5,Lost
CUST-01651,28,21,9286.22,UK,5,5,5,15,Champions
CUST-01652,76,1,156.84,Spain,4,1,2,7,New Customers
CUST-01653,278,1,114.08,France,1,1,1,3,Lost
CUST-01654,24,32,14249.02,UK,5,5,5,15,Champions
CUST-01655,49,1,120.88,UK,4,1,1,6,New Customers
CUST-01656,247,5,351.31,UK,2,3,2,7,Needs Attention
CUST-01657,301,4,882.12,UK,1,3,3,7,At Risk
CUST-01658,49,12,2221.11,UK,4,4,4,12,Champions
CUST-01659,317,3,207.18,Germany,1,2,2,5,Lost
CUST-01660,183,4,671.86,Germany,2,3,3,8,At Risk
CUST-01661,125,7,1661.71,UK,3,4,4,11,Loyal Customers
CUST-01662,281,4,762.43,Germany,1,3,3,7,At Risk
CUST-01663,471,1,59.34,UK,1,1,1,3,Lost
CUST-01664,109,9,2355.58,Germany,3,4,4,11,Loyal Customers
CUST-01665,166,1,106.43,UK,3,1,1,5,Needs Attention
CUST-01666,233,3,352.51,UK,2,2,2,6,Lost
CUST-01667,31,49,30780.46,UK,5,5,5,15,Champions
CUST-01668,119,3,407.35,France,3,2,2,7,Needs Attention
CUST-01669,245,4,537.53,UK,2,3,3,8,At Risk
CUST-01670,247,1,60.96,UK,2,1,1,4,Lost
CUST-01671,193,3,329.8,UK,2,2,2,6,Lost
CUST-01672,52,12,1612.57,UK,4,4,4,12,Champions
CUST-01673,81,10,1496.82,UK,4,4,4,12,Champions
CUST-01674,105,1,111.52,UK,3,1,1,5,Needs Attention
CUST-01675,24,42,30491.23,Belgium,5,5,5,15,Champions
CUST-01676,3,15,10589.45,UK,5,5,5,15,Champions
CUST-01677,199,5,726.72,Netherlands,2,3,3,8,At Risk
CUST-01678,89,4,1162.65,UK,4,3,4,11,Loyal Customers
CUST-01679,39,9,2392.5,UK,5,4,4,13,Champions
CUST-01680,377,1,63.78,UK,1,1,1,3,Lost
CUST-01681,273,1,215.37,Netherlands,2,1,2,5,Lost
CUST-01682,418,1,25.18,Germany,1,1,1,3,Lost
CUST-01683,100,11,2812.49,UK,3,4,5,12,Loyal Customers
CUST-01684,55,2,211.5,UK,4,2,2,8,New Customers
CUST-01685,45,7,778.44,UK,4,4,3,11,Loyal Customers
CUST-01686,233,2,453.91,Spain,2,2,2,6,Lost
CUST-01687,283,4,622.32,France,1,3,3,7,At Risk
CUST-01688,15,11,2928.73,UK,5,4,5,14,Champions
CUST-01689,51,12,3427.27,UK,4,4,5,13,Champions
CUST-01690,599,1,56.57,UK,1,1,1,3,Lost
CUST-01691,165,7,1757.04,France,3,4,4,11,Loyal Customers
CUST-01692,96,2,215.5,UK,3,2,2,7,Needs Attention
CUST-01693,22,43,14557.84,UK,5,5,5,15,Champions
CUST-01694,59,22,7218.2,UK,4,5,5,14,Champions
CUST-01695,252,4,403.45,Germany,2,3,2,7,Needs Attention
CUST-01696,213,4,485.99,UK,2,3,3,8,At Risk
CUST-01697,112,6,1239.31,UK,3,3,4,10,Potential Loyalists
CUST-01698,62,13,3479.49,UK,4,5,5,14,Champions
CUST-01699,382,1,45.67,Germany,1,1,1,3,Lost
CUST-01700,255,5,583.64,UK,2,3,3,8,At Risk
CUST-01701,307,2,100.12,UK,1,2,1,4,Lost
CUST-01702,232,1,120.16,UK,2,1,1,4,Lost
CUST-01703,376,1,44.19,Germany,1,1,1,3,Lost
CUST-01704,88,7,828.86,UK,4,4,3,11,Loyal Customers
CUST-01705,25,36,8930.38,UK,5,5,5,15,Champions
CUST-01706,48,9,1348.54,UK,4,4,4,12,Champions
CUST-01707,341,4,485.22,UK,1,3,3,7,At Risk
CUST-01708,373,1,42.86,UK,1,1,1,3,Lost
CUST-01709,90,1,45.26,UK,3,1,1,5,Needs Attention
CUST-01710,303,4,894.76,UK,1,3,3,7,At Risk
CUST-01711,174,3,455.64,France,2,2,2,6,Lost
CUST-01712,138,1,65.02,UK,3,1,1,5,Needs Attention
CUST-01713,197,1,93.52,Germany,2,1,1,4,Lost
CUST-01714,163,6,757.17,Spain,3,3,3,9,Potential Loyalists
CUST-01715,329,1,28.1,Netherlands,1,1,1,3,Lost
CUST-01716,220,6,973.46,UK,2,3,3,8,At Risk
CUST-01717,383,1,77.19,France,1,1,1,3,Lost
CUST-01718,301,3,244.89,Spain,1,2,2,5,Lost
CUST-01719,250,1,64.97,UK,2,1,1,4,Lost
CUST-01720,106,8,1465.13,Belgium,3,4,4,11,Loyal Customers
CUST-01721,7,24,5366.46,Netherlands,5,5,5,15,Champions
CUST-01722,190,1,174.25,UK,2,1,2,5,Lost
CUST-01723,323,2,167.62,UK,1,2,2,5,Lost
CUST-01724,35,14,2910.29,UK,5,5,5,15,Champions
CUST-01725,114,6,1171.2,UK,3,3,4,10,Potential Loyalists
CUST-01726,56,9,1785.02,Belgium,4,4,4,12,Champions
CUST-01727,9,34,26617.05,UK,5,5,5,15,Champions
CUST-01728,75,2,306.37,UK,4,2,2,8,New Customers
CUST-01729,77,12,2288.01,Netherlands,4,4,4,12,Champions
CUST-01730,364,2,155.54,UK,1,2,2,5,Lost
CUST-01731,508,1,46.6,UK,1,1,1,3,Lost
CUST-01732,80,2,205.09,Spain,4,2,2,8,New Customers
CUST-01733,446,3,98.2,Netherlands,1,2,1,4,Lost
CUST-01734,219,4,484.25,UK,2,3,3,8,At Risk
CUST-01735,97,1,121.82,UK,3,1,1,5,Needs Attention
CUST-01736,193,4,247.61,UK,2,3,2,7,Needs Attention
CUST-01737,443,2,192.43,Germany,1,2,2,5,Lost
CUST-01738,27,8,2231.19,Germany,5,4,4,13,Champions
CUST-01739,48,23,15093.36,UK,4,5,5,14,Champions
CUST-01740,387,3,132.94,Belgium,1,2,1,4,Lost
CUST-01741,46,7,1281.11,UK,4,4,4,12,Champions
CUST-01742,167,5,587.6,Spain,3,3,3,9,Potential Loyalists
CUST-01743,306,3,231.29,UK,1,2,2,5,Lost
CUST-01744,4,30,10822.61,UK,5,5,5,15,Champions
CUST-01745,39,1,50.14,UK,5,1,1,7,New Customers
CUST-01746,275,1,139.96,UK,1,1,1,3,Lost
CUST-01747,26,7,1533.96,UK,5,4,4,13,Champions
CUST-01748,27,11,2313.17,Germany,5,4,4,13,Champions
CUST-01749,153,7,790.49,UK,3,4,3,10,Potential Loyalists
CUST-01750,2,35,10211.79,UK,5,5,5,15,Champions
CUST-01751,233,4,785.99,UK,2,3,3,8,At Risk
CUST-01752,66,12,2669.13,Germany,4,4,5,13,Champions
CUST-01753,41,11,1258.12,UK,5,4,4,13,Champions
CUST-01754,28,39,20412.72,UK,5,5,5,15,Champions
CUST-01755,503,3,277.49,Germany,1,2,2,5,Lost
CUST-01756,188,7,914.15,UK,2,4,3,9,At Risk
CUST-01757,9,42,27756.36,UK,5,5,5,15,Champions
CUST-01758,378,2,181.67,UK,1,2,2,5,Lost
CUST-01759,261,2,342.66,Germany,2,2,2,6,Lost
CUST-01760,200,6,1399.99,UK,2,3,4,9,At Risk
CUST-01761,330,1,62.41,France,1,1,1,3,Lost
CUST-01762,33,11,3312.1,UK,5,4,5,14,Champions
CUST-01763,298,3,329.03,France,1,2,2,5,Lost
CUST-01764,218,4,379.02,UK,2,3,2,7,Needs Attention
CUST-01765,153,4,416.91,UK,3,3,2,8,Potential Loyalists
CUST-01766,59,8,944.95,UK,4,4,3,11,Loyal Customers
CUST-01767,222,1,80.65,France,2,1,1,4,Lost
CUST-01768,179,5,641.62,UK,2,3,3,8,At Risk
CUST-01769,327,3,121.55,UK,1,2,1,4,Lost
CUST-01770,267,1,5.0,France,2,1,1,4,Lost
CUST-01771,131,2,249.71,UK,3,2,2,7,Needs Attention
CUST-01772,87,2,405.36,Netherlands,4,2,2,8,New Customers
CUST-01773,360,2,173.38,UK,1,2,2,5,Lost
CUST-01774,76,16,5099.27,UK,4,5,5,14,Champions
CUST-01775,106,12,3410.35,UK,3,5,5,13,Loyal Customers
CUST-01776,167,5,894.1,UK,3,3,3,9,Potential Loyalists
CUST-01777,151,5,758.53,UK,3,3,3,9,Potential Loyalists
CUST-01778,397,2,98.53,UK,1,2,1,4,Lost
CUST-01779,31,27,14312.49,France,5,5,5,15,Champions
CUST-01780,186,1,146.36,UK,2,1,1,4,Lost
CUST-01781,34,12,3065.4,UK,5,5,5,15,Champions
CUST-01782,38,13,1626.31,Spain,5,5,4,14,Champions
CUST-01783,25,41,12419.08,Germany,5,5,5,15,Champions
CUST-01784,276,3,122.29,Netherlands,1,2,1,4,Lost
CUST-01785,136,7,922.18,UK,3,4,3,10,Potential Loyalists
CUST-01786,126,6,1262.74,France,3,3,4,10,Potential Loyalists
CUST-01787,313,1,45.08,UK,1,1,1,3,Lost
CUST-01788,88,10,1627.11,UK,4,4,4,12,Champions
CUST-01789,333,2,48.89,UK,1,2,1,4,Lost
CUST-01790,30,13,1852.98,Germany,5,5,4,14,Champions
CUST-01791,190,1,263.9,UK,2,1,2,5,Lost
CUST-01792,402,1,76.61,UK,1,1,1,3,Lost
CUST-01793,49,20,9172.86,Germany,4,5,5,14,Champions
CUST-01794,330,2,47.66,UK,1,2,1,4,Lost
CUST-01795,230,6,657.03,UK,2,3,3,8,At Risk
CUST-01796,48,14,2777.31,France,4,5,5,14,Champions
CUST-01797,441,1,142.96,Spain,1,1,1,3,Lost
CUST-01798,341,1,123.85,UK,1,1,1,3,Lost
CUST-01799,362,3,223.41,UK,1,2,2,5,Lost
CUST-01800,205,7,1463.0,Germany,2,4,4,10,At Risk
CUST-01801,381,1,57.01,UK,1,1,1,3,Lost
CUST-01802,86,2,552.13,UK,4,2,3,9,New Customers
CUST-01803,30,11,2093.01,Germany,5,4,4,13,Champions
CUST-01804,120,4,409.31,UK,3,3,2,8,Potential Loyalists
CUST-01805,27,12,1195.75,UK,5,5,4,14,Champions
CUST-01806,354,3,209.19,UK,1,2,2,5,Lost
CUST-01807,425,1,86.27,Germany,1,1,1,3,Lost
CUST-01808,244,2,337.84,Spain,2,2,2,6,Lost
CUST-01809,241,4,688.33,Belgium,2,3,3,8,At Risk
CUST-01810,283,3,241.92,UK,1,2,2,5,Lost
CUST-01811,49,9,2347.58,UK,4,4,4,12,Champions
CUST-01812,34,23,9895.09,UK,5,5,5,15,Champions
CUST-01813,104,6,1398.45,Germany,3,3,4,10,Potential Loyalists
CUST-01814,77,13,2710.09,UK,4,5,5,14,Champions
CUST-01815,473,1,78.46,Germany,1,1,1,3,Lost
CUST-01816,77,10,1703.55,Netherlands,4,4,4,12,Champions
CUST-01817,507,3,146.43,Germany,1,2,1,4,Lost
CUST-01818,20,11,3881.75,UK,5,4,5,14,Champions
CUST-01819,23,11,1370.23,Germany,5,4,4,13,Champions
CUST-01820,320,3,122.36,UK,1,2,1,4,Lost
CUST-01821,134,4,754.11,UK,3,3,3,9,Potential Loyalists
CUST-01822,539,3,127.05,France,1,2,1,4,Lost
CUST-01823,42,37,10441.89,Spain,5,5,5,15,Champions
CUST-01824,76,2,113.05,UK,4,2,1,7,New Customers
CUST-01825,42,9,1032.95,UK,5,4,3,12,Loyal Customers
CUST-01826,35,38,30829.06,UK,5,5,5,15,Champions
CUST-01827,218,3,308.17,UK,2,2,2,6,Lost
CUST-01828,545,1,53.52,UK,1,1,1,3,Lost
CUST-01829,56,2,416.81,UK,4,2,2,8,New Customers
CUST-01830,53,10,2806.97,UK,4,4,5,13,Champions
CUST-01831,30,8,2071.29,UK,5,4,4,13,Champions
CUST-01832,32,6,1169.56,UK,5,3,4,12,Loyal Customers
CUST-01833,32,6,927.25,UK,5,3,3,11,Loyal Customers
CUST-01834,319,3,162.29,Spain,1,2,2,5,Lost
CUST-01835,575,1,59.84,UK,1,1,1,3,Lost
CUST-01836,259,4,996.27,UK,2,3,3,8,At Risk
CUST-01837,600,2,69.51,UK,1,2,1,4,Lost
CUST-01838,19,14,2266.14,UK,5,5,4,14,Champions
CUST-01839,121,9,2033.1,Spain,3,4,4,11,Loyal Customers
CUST-01840,251,3,511.52,UK,2,2,3,7,Lost
CUST-01841,53,10,2453.63,Spain,4,4,4,12,Champions
CUST-01842,91,7,1326.17,UK,3,4,4,11,Loyal Customers
CUST-01843,57,11,2279.57,UK,4,4,4,12,Champions
CUST-01844,117,7,1069.61,Germany,3,4,3,10,Potential Loyalists
CUST-01845,63,14,1627.51,Germany,4,5,4,13,Champions
CUST-01846,261,5,629.35,UK,2,3,3,8,At Risk
CUST-01847,272,4,774.08,UK,2,3,3,8,At Risk
CUST-01848,182,5,432.81,Germany,2,3,2,7,Needs Attention
CUST-01849,193,3,347.7,UK,2,2,2,6,Lost
CUST-01850,260,3,272.47,Germany,2,3,2,7,Needs Attention
CUST-01851,10,47,21990.0,UK,5,5,5,15,Champions
CUST-01852,183,6,1481.67,UK,2,3,4,9,At Risk
CUST-01853,156,2,168.96,France,3,2,2,7,Needs Attention
CUST-01854,87,11,1795.37,UK,4,4,4,12,Champions
CUST-01855,334,3,442.94,UK,1,3,2,6,Needs Attention
CUST-01856,372,2,164.44,UK,1,2,2,5,Lost
CUST-01857,81,2,110.42,UK,4,2,1,7,New Customers
CUST-01858,129,5,1261.92,Spain,3,3,4,10,Potential Loyalists
CUST-01859,219,5,951.26,UK,2,3,3,8,At Risk
CUST-01860,214,7,1438.48,UK,2,4,4,10,At Risk
CUST-01861,238,3,251.8,Germany,2,3,2,7,Needs Attention
CUST-01862,45,13,2257.89,UK,4,5,4,13,Champions
CUST-01863,116,6,1406.91,Netherlands,3,3,4,10,Potential Loyalists
CUST-01864,37,18,3609.01,UK,5,5,5,15,Champions
CUST-01865,51,13,1988.76,France,4,5,4,13,Champions
CUST-01866,39,2,362.3,Germany,5,2,2,9,New Customers
CUST-01867,74,2,251.81,UK,4,2,2,8,New Customers
CUST-01868,46,6,1797.21,UK,4,3,4,11,Loyal Customers
CUST-01869,226,3,844.02,Germany,2,3,3,8,At Risk
CUST-01870,300,6,467.98,UK,1,3,2,6,Needs Attention
CUST-01871,165,5,1295.78,France,3,3,4,10,Potential Loyalists
CUST-01872,387,1,66.15,UK,1,1,1,3,Lost
CUST-01873,24,1,102.34,UK,5,1,1,7,New Customers
CUST-01874,40,11,2825.2,UK,5,4,5,14,Champions
CUST-01875,45,6,1288.43,Germany,4,3,4,11,Loyal Customers
CUST-01876,29,20,12561.35,UK,5,5,5,15,Champions
CUST-01877,193,3,488.28,Germany,2,3,3,8,At Risk
CUST-01878,76,2,203.07,UK,4,2,2,8,New Customers
CUST-01879,179,2,142.65,UK,2,2,1,5,Lost
CUST-01880,8,43,16854.43,UK,5,5,5,15,Champions
CUST-01881,471,1,65.36,Netherlands,1,1,1,3,Lost
CUST-01882,13,28,18347.88,France,5,5,5,15,Champions
CUST-01883,130,7,879.2,Germany,3,4,3,10,Potential Loyalists
CUST-01884,74,7,1300.46,France,4,4,4,12,Champions
CUST-01885,217,1,84.7,UK,2,1,1,4,Lost
CUST-01886,179,6,1437.67,UK,2,3,4,9,At Risk
CUST-01887,41,16,12720.19,France,5,5,5,15,Champions
CUST-01888,424,1,111.21,Germany,1,1,1,3,Lost
CUST-01889,22,18,5871.59,UK,5,5,5,15,Champions
CUST-01890,116,8,1089.9,Germany,3,4,3,10,Potential Loyalists
CUST-01891,56,2,371.43,UK,4,2,2,8,New Customers
CUST-01892,104,7,909.63,UK,3,4,3,10,Potential Loyalists
CUST-01893,231,1,43.62,Germany,2,1,1,4,Lost
CUST-01894,65,13,1475.04,UK,4,5,4,13,Champions
CUST-01895,15,11,2387.29,UK,5,4,4,13,Champions
CUST-01896,253,1,182.8,UK,2,1,2,5,Lost
CUST-01897,510,1,94.57,Germany,1,1,1,3,Lost
CUST-01898,390,1,43.79,UK,1,1,1,3,Lost
CUST-01899,46,8,1860.92,UK,4,4,4,12,Champions
CUST-01900,103,5,728.31,Spain,3,3,3,9,Potential Loyalists
CUST-01901,50,14,2157.11,UK,4,5,4,13,Champions
CUST-01902,17,20,14845.73,UK,5,5,5,15,Champions
CUST-01903,52,14,3291.77,Belgium,4,5,5,14,Champions
CUST-01904,515,1,55.09,UK,1,1,1,3,Lost
CUST-01905,88,3,700.8,UK,4,3,3,10,Potential Loyalists
CUST-01906,48,36,20084.39,UK,4,5,5,14,Champions
CUST-01907,146,2,246.72,Spain,3,2,2,7,Needs Attention
CUST-01908,14,37,8685.17,UK,5,5,5,15,Champions
CUST-01909,24,35,11912.96,UK,5,5,5,15,Champions
CUST-01910,61,11,1890.45,France,4,4,4,12,Champions
CUST-01911,20,11,1829.59,UK,5,4,4,13,Champions
CUST-01912,57,10,3139.5,Belgium,4,4,5,13,Champions
CUST-01913,214,3,115.59,UK,2,3,1,6,Needs Attention
CUST-01914,6,45,18941.15,Germany,5,5,5,15,Champions
CUST-01915,74,7,2052.46,UK,4,4,4,12,Champions
CUST-01916,50,9,2191.98,UK,4,4,4,12,Champions
CUST-01917,44,8,2381.45,UK,4,4,4,12,Champions
CUST-01918,71,10,2021.97,UK,4,4,4,12,Champions
CUST-01919,49,7,1562.75,UK,4,4,4,12,Champions
CUST-01920,55,2,199.66,Germany,4,2,2,8,New Customers
CUST-01921,39,12,2018.82,Spain,5,5,4,14,Champions
CUST-01922,28,29,14085.28,UK,5,5,5,15,Champions
CUST-01923,159,7,769.69,UK,3,4,3,10,Potential Loyalists
CUST-01924,65,14,2714.76,UK,4,5,5,14,Champions
CUST-01925,177,3,330.88,Netherlands,2,3,2,7,Needs Attention
CUST-01926,347,2,88.68,UK,1,2,1,4,Lost
CUST-01927,105,7,1153.97,UK,3,4,4,11,Loyal Customers
CUST-01928,120,7,529.21,UK,3,4,3,10,Potential Loyalists
CUST-01929,125,5,539.17,UK,3,3,3,9,Potential Loyalists
CUST-01930,93,1,92.35,France,3,1,1,5,Needs Attention
CUST-01931,159,7,1526.86,UK,3,4,4,11,Loyal Customers
CUST-01932,245,1,50.39,UK,2,1,1,4,Lost
CUST-01933,352,3,219.36,Spain,1,3,2,6,Needs Attention
CUST-01934,159,3,514.86,UK,3,3,3,9,Potential Loyalists
CUST-01935,201,4,545.44,Germany,2,3,3,8,At Risk
CUST-01936,292,3,229.49,UK,1,3,2,6,Needs Attention
CUST-01937,140,4,755.44,UK,3,3,3,9,Potential Loyalists
CUST-01938,387,2,105.7,UK,1,2,1,4,Lost
CUST-01939,39,2,513.09,Netherlands,5,2,3,10,New Customers
CUST-01940,259,1,40.92,UK,2,1,1,4,Lost
CUST-01941,199,3,581.58,UK,2,3,3,8,At Risk
CUST-01942,21,14,1980.52,Spain,5,5,4,14,Champions
CUST-01943,13,33,24265.36,UK,5,5,5,15,Champions
CUST-01944,563,2,173.67,Spain,1,2,2,5,Lost
CUST-01945,271,3,771.8,Spain,2,3,3,8,At Risk
CUST-01946,26,43,23680.58,Germany,5,5,5,15,Champions
CUST-01947,89,5,483.71,UK,4,3,3,10,Potential Loyalists
CUST-01948,157,3,572.5,UK,3,3,3,9,Potential Loyalists
CUST-01949,21,45,26097.58,UK,5,5,5,15,Champions
CUST-01950,128,2,214.02,UK,3,2,2,7,Needs Attention
CUST-01951,328,3,544.72,UK,1,3,3,7,At Risk
CUST-01952,263,1,52.76,Germany,2,1,1,4,Lost
CUST-01953,163,1,116.91,UK,3,1,1,5,Needs Attention
CUST-01954,387,1,58.6,France,1,1,1,3,Lost
CUST-01955,195,3,498.48,UK,2,3,3,8,At Risk
CUST-01956,46,14,2768.3,Spain,4,5,5,14,Champions
CUST-01957,293,3,240.24,UK,1,3,2,6,Needs Attention
CUST-01958,367,1,71.85,UK,1,1,1,3,Lost
CUST-01959,25,10,2093.01,France,5,4,4,13,Champions
CUST-01960,162,1,39.72,France,3,1,1,5,Needs Attention
CUST-01961,102,3,586.96,UK,3,3,3,9,Potential Loyalists
CUST-01962,400,2,115.68,France,1,2,1,4,Lost
CUST-01963,309,2,150.0,Belgium,1,2,2,5,Lost
CUST-01964,220,2,178.61,Germany,2,2,2,6,Lost
CUST-01965,172,7,644.16,UK,2,4,3,9,At Risk
CUST-01966,106,2,230.37,UK,3,2,2,7,Needs Attention
CUST-01967,68,14,2834.95,UK,4,5,5,14,Champions
CUST-01968,66,6,1008.65,Spain,4,3,3,10,Potential Loyalists
CUST-01969,178,6,1068.97,UK,2,3,3,8,At Risk
CUST-01970,51,13,3205.68,Netherlands,4,5,5,14,Champions
CUST-01971,458,3,313.51,UK,1,3,2,6,Needs Attention
CUST-01972,204,7,544.71,UK,2,4,3,9,At Risk
CUST-01973,98,1,198.97,UK,3,1,2,6,Needs Attention
CUST-01974,128,1,108.66,UK,3,1,1,5,Needs Attention
CUST-01975,13,8,916.29,Germany,5,4,3,12,Loyal Customers
CUST-01976,112,2,147.35,UK,3,2,1,6,Needs Attention
CUST-01977,187,3,437.0,Germany,2,3,2,7,Needs Attention
CUST-01978,330,1,25.17,UK,1,1,1,3,Lost
CUST-01979,50,10,2511.46,Spain,4,4,4,12,Champions
CUST-01980,116,4,746.89,Germany,3,3,3,9,Potential Loyalists
CUST-01981,119,6,666.83,UK,3,3,3,9,Potential Loyalists
CUST-01982,252,1,144.52,Germany,2,1,1,4,Lost
CUST-01983,27,36,20267.06,UK,5,5,5,15,Champions
CUST-01984,175,4,1322.99,UK,2,3,4,9,At Risk
CUST-01985,361,3,184.0,UK,1,3,2,6,Needs Attention
CUST-01986,5,27,14786.27,UK,5,5,5,15,Champions
CUST-01987,33,14,3898.1,UK,5,5,5,15,Champions
CUST-01988,9,42,28048.57,Netherlands,5,5,5,15,Champions
CUST-01989,564,1,115.28,UK,1,1,1,3,Lost
CUST-01990,49,1,83.07,France,4,1,1,6,New Customers
CUST-01991,221,2,318.18,Germany,2,2,2,6,Lost
CUST-01992,84,9,1146.94,UK,4,4,4,12,Champions
CUST-01993,77,7,1761.68,UK,4,4,4,12,Champions
CUST-01994,15,14,2695.29,Germany,5,5,5,15,Champions
CUST-01995,104,2,237.26,Belgium,3,2,2,7,Needs Attention
CUST-01996,97,5,594.74,UK,3,3,3,9,Potential Loyalists
CUST-01997,8,23,13162.93,Spain,5,5,5,15,Champions
CUST-01998,228,1,136.22,UK,2,1,1,4,Lost
CUST-01999,13,25,16185.3,UK,5,5,5,15,Champions
CUST-02000,138,7,1526.67,Spain,3,4,4,11,Loyal Customers
